url,collection,date_iso,status,char_count,turn_count,speaker_count,page_format,validation_flags,scrape_timestamp
https://avalon.law.yale.edu/imt/members.asp,vol1,,ok,6761,0,0,NONE,,2026-03-07T17:20:55.054387+00:00
https://avalon.law.yale.edu/imt/official.asp,vol1,,ok,7759,0,0,NONE,POSSIBLE_TRUNCATION,2026-03-07T17:20:56.863696+00:00
https://avalon.law.yale.edu/imt/prosecu.asp,vol1,,ok,9036,0,0,F1,,2026-03-07T17:20:58.624321+00:00
https://avalon.law.yale.edu/imt/defense.asp,vol1,,ok,9614,0,0,F1,,2026-03-07T17:21:00.444089+00:00
https://avalon.law.yale.edu/imt/imtchart.asp,vol1,,ok,11569,0,0,NONE,,2026-03-07T17:21:02.196668+00:00
https://avalon.law.yale.edu/imt/imtconst.asp,vol1,,ok,27416,0,0,NONE,,2026-03-07T17:21:04.027240+00:00
https://avalon.law.yale.edu/imt/imtprot.asp,vol1,,ok,8731,0,0,NONE,,2026-03-07T17:21:05.836238+00:00
https://avalon.law.yale.edu/imt/imtrules.asp,vol1,,ok,18486,0,0,NONE,,2026-03-07T17:21:07.671111+00:00
https://avalon.law.yale.edu/imt/imtmin.asp,vol1,,ok,13440,0,0,F1,,2026-03-07T17:21:09.490022+00:00
https://avalon.law.yale.edu/imt/count.asp,vol1,,ok,11124,0,0,NONE,POSSIBLE_TRUNCATION,2026-03-07T17:21:11.224484+00:00
https://avalon.law.yale.edu/imt/discrep.asp,vol1,,ok,8351,0,0,F1,,2026-03-07T17:21:13.021691+00:00
https://avalon.law.yale.edu/imt/plea.asp,vol1,,ok,6529,0,0,NONE,,2026-03-07T17:21:14.826895+00:00
https://avalon.law.yale.edu/imt/v1-01.asp,vol1,,ok,8066,0,0,NONE,,2026-03-07T17:21:16.762260+00:00
https://avalon.law.yale.edu/imt/v1-02.asp,vol1,,ok,8388,0,0,NONE,,2026-03-07T17:21:18.542143+00:00
https://avalon.law.yale.edu/imt/v1-03.asp,vol1,,ok,15368,0,0,NONE,,2026-03-07T17:21:20.303680+00:00
https://avalon.law.yale.edu/imt/v1-04.asp,vol1,,ok,8516,0,0,NONE,,2026-03-07T17:21:22.030218+00:00
https://avalon.law.yale.edu/imt/v1-05.asp,vol1,,ok,31497,0,0,NONE,,2026-03-07T17:21:23.814098+00:00
https://avalon.law.yale.edu/imt/v1-06.asp,vol1,,ok,9084,0,0,NONE,,2026-03-07T17:21:25.676853+00:00
https://avalon.law.yale.edu/imt/v1-07.asp,vol1,,ok,16356,0,0,NONE,,2026-03-07T17:21:27.426265+00:00
https://avalon.law.yale.edu/imt/v1-08.asp,vol1,,ok,7689,0,0,NONE,,2026-03-07T17:21:29.169880+00:00
https://avalon.law.yale.edu/imt/v1-09.asp,vol1,,ok,12896,0,0,NONE,,2026-03-07T17:21:31.021060+00:00
https://avalon.law.yale.edu/imt/v1-10.asp,vol1,,ok,22720,0,0,F1,,2026-03-07T17:21:32.798816+00:00
https://avalon.law.yale.edu/imt/v1-11.asp,vol1,,ok,19858,0,0,NONE,POSSIBLE_TRUNCATION,2026-03-07T17:21:34.543753+00:00
https://avalon.law.yale.edu/imt/v1-12.asp,vol1,,ok,10135,0,0,NONE,,2026-03-07T17:21:36.319626+00:00
https://avalon.law.yale.edu/imt/v1-13.asp,vol1,,ok,7565,0,0,NONE,,2026-03-07T17:21:38.107063+00:00
https://avalon.law.yale.edu/imt/v1-14.asp,vol1,,ok,7176,0,0,NONE,,2026-03-07T17:21:39.852776+00:00
https://avalon.law.yale.edu/imt/v1-15.asp,vol1,,ok,7471,0,0,NONE,,2026-03-07T17:21:41.655704+00:00
https://avalon.law.yale.edu/imt/v1-16.asp,vol1,,ok,8306,0,0,NONE,,2026-03-07T17:21:43.435123+00:00
https://avalon.law.yale.edu/imt/v1-17.asp,vol1,,ok,8243,0,0,NONE,POSSIBLE_TRUNCATION,2026-03-07T17:21:45.379055+00:00
https://avalon.law.yale.edu/imt/v1-18.asp,vol1,,ok,7185,0,0,NONE,,2026-03-07T17:21:47.521683+00:00
https://avalon.law.yale.edu/imt/v1-19.asp,vol1,,ok,8469,0,0,NONE,,2026-03-07T17:21:49.333104+00:00
https://avalon.law.yale.edu/imt/v1-20.asp,vol1,,ok,8117,0,0,F1,,2026-03-07T17:21:51.075761+00:00
https://avalon.law.yale.edu/imt/v1-21.asp,vol1,,ok,8357,0,0,NONE,,2026-03-07T17:21:52.814073+00:00
https://avalon.law.yale.edu/imt/v1-22.asp,vol1,,ok,9462,0,0,NONE,,2026-03-07T17:21:54.568731+00:00
https://avalon.law.yale.edu/imt/v1-23.asp,vol1,,ok,8403,0,0,NONE,,2026-03-07T17:21:56.307432+00:00
https://avalon.law.yale.edu/imt/v1-24.asp,vol1,,ok,7154,0,0,NONE,,2026-03-07T17:21:58.046920+00:00
https://avalon.law.yale.edu/imt/v1-25.asp,vol1,,ok,7831,0,0,NONE,,2026-03-07T17:21:59.782155+00:00
https://avalon.law.yale.edu/imt/v1-26.asp,vol1,,ok,9562,0,0,NONE,POSSIBLE_TRUNCATION,2026-03-07T17:22:01.531032+00:00
https://avalon.law.yale.edu/imt/v1-27.asp,vol1,,ok,9304,0,0,NONE,,2026-03-07T17:22:03.283225+00:00
https://avalon.law.yale.edu/imt/v1-28.asp,vol1,,ok,21481,0,0,F1,,2026-03-07T17:22:05.027868+00:00
https://avalon.law.yale.edu/imt/v1-29.asp,vol1,,ok,11325,0,0,F1,,2026-03-07T17:22:06.766816+00:00
https://avalon.law.yale.edu/imt/v1-30.asp,vol1,,ok,13156,0,0,F1,,2026-03-07T17:22:08.531346+00:00
https://avalon.law.yale.edu/subject_menus/judcont.asp,vol1,,ok,9975,0,0,NONE,POSSIBLE_TRUNCATION,2026-03-07T17:22:10.813317+00:00
https://avalon.law.yale.edu/imt/juddiss.asp,vol1,,ok,67991,0,0,NONE,,2026-03-07T17:22:12.753838+00:00
https://avalon.law.yale.edu/imt/judsent.asp,vol1,,ok,11455,0,0,NONE,,2026-03-07T17:22:14.463828+00:00
https://avalon.law.yale.edu/imt/11-14-45.asp,sessions,1945-11-14,ok,56379,66,14,F4,,2026-03-07T17:22:16.269651+00:00
https://avalon.law.yale.edu/imt/11-15-45.asp,sessions,1945-11-15,ok,28120,29,9,F4,,2026-03-07T17:22:18.027504+00:00
https://avalon.law.yale.edu/imt/11-17-45.asp,sessions,1945-11-17,ok,13785,8,4,F4,,2026-03-07T17:22:19.752775+00:00
https://avalon.law.yale.edu/imt/11-20-45.asp,sessions,1945-11-20,ok,182979,29,11,MIXED,,2026-03-07T17:22:21.813875+00:00
https://avalon.law.yale.edu/imt/11-21-45.asp,sessions,1945-11-21,ok,171450,69,26,F3,,2026-03-07T17:22:23.529488+00:00
https://avalon.law.yale.edu/imt/11-22-45.asp,sessions,1945-11-22,ok,128219,37,7,F3,,2026-03-07T17:22:25.269054+00:00
https://avalon.law.yale.edu/imt/11-23-45.asp,sessions,1945-11-23,ok,139815,93,13,F3,,2026-03-07T17:22:27.027970+00:00
https://avalon.law.yale.edu/imt/11-26-45.asp,sessions,1945-11-26,ok,125483,64,10,F3,,2026-03-07T17:22:28.784366+00:00
https://avalon.law.yale.edu/imt/11-27-45.asp,sessions,1945-11-27,ok,121635,36,5,F3,,2026-03-07T17:22:30.570353+00:00
https://avalon.law.yale.edu/imt/11-28-45.asp,sessions,1945-11-28,ok,123338,51,8,F3,,2026-03-07T17:22:32.330278+00:00
https://avalon.law.yale.edu/imt/11-29-45.asp,sessions,1945-11-29,ok,108942,24,6,F3,,2026-03-07T17:22:34.078926+00:00
https://avalon.law.yale.edu/imt/11-30-45.asp,sessions,1945-11-30,ok,160623,566,28,F3,,2026-03-07T17:22:35.902637+00:00
https://avalon.law.yale.edu/imt/12-01-45.asp,sessions,1945-12-01,ok,90658,369,34,NONE,NO_PAGE_NUMBERS,2026-03-07T17:22:37.585347+00:00
https://avalon.law.yale.edu/imt/12-03-45.asp,sessions,1945-12-03,ok,148842,53,4,F2,,2026-03-07T17:22:39.361273+00:00
https://avalon.law.yale.edu/imt/12-04-45.asp,sessions,1945-12-04,ok,173643,25,4,F1,,2026-03-07T17:22:41.113941+00:00
https://avalon.law.yale.edu/imt/12-05-45.asp,sessions,1945-12-05,ok,155815,60,7,F2,,2026-03-07T17:22:42.890264+00:00
https://avalon.law.yale.edu/imt/12-06-45.asp,sessions,1945-12-06,ok,173460,63,14,F3,,2026-03-07T17:22:44.715696+00:00
https://avalon.law.yale.edu/imt/12-07-45.asp,sessions,1945-12-07,ok,169828,48,9,F3,,2026-03-07T17:22:46.578377+00:00
https://avalon.law.yale.edu/imt/12-10-45.asp,sessions,1945-12-10,ok,182376,44,4,F2,,2026-03-07T17:22:48.345720+00:00
https://avalon.law.yale.edu/imt/12-11-45.asp,sessions,1945-12-11,ok,46062,43,8,F2,,2026-03-07T17:22:49.991105+00:00
https://avalon.law.yale.edu/imt/12-12-45.asp,sessions,1945-12-12,ok,171617,107,11,F2,,2026-03-07T17:22:51.835951+00:00
https://avalon.law.yale.edu/imt/12-13-45.asp,sessions,1945-12-13,ok,175126,111,8,F3,,2026-03-07T17:22:53.624918+00:00
https://avalon.law.yale.edu/imt/12-14-45.asp,sessions,1945-12-14,ok,170841,121,20,F2,,2026-03-07T17:22:55.360888+00:00
https://avalon.law.yale.edu/imt/12-17-45.asp,sessions,1945-12-17,ok,181755,92,10,F2,,2026-03-07T17:22:57.123421+00:00
https://avalon.law.yale.edu/imt/12-18-45.asp,sessions,1945-12-18,ok,184435,128,4,F2,,2026-03-07T17:22:58.919550+00:00
https://avalon.law.yale.edu/imt/12-19-45.asp,sessions,1945-12-19,ok,172856,72,8,F2,,2026-03-07T17:23:00.645768+00:00
https://avalon.law.yale.edu/imt/12-20-45.asp,sessions,1945-12-20,ok,161260,96,6,F2,,2026-03-07T17:23:02.404886+00:00
https://avalon.law.yale.edu/imt/01-02-46.asp,sessions,1946-01-02,ok,144907,94,8,F2,,2026-03-07T17:23:04.154450+00:00
https://avalon.law.yale.edu/imt/01-03-46.asp,sessions,1946-01-03,ok,163906,939,36,F2,,2026-03-07T17:23:06.010333+00:00
https://avalon.law.yale.edu/imt/01-04-46.asp,sessions,1946-01-04,ok,181838,298,26,F2,,2026-03-07T17:23:07.703763+00:00
https://avalon.law.yale.edu/imt/01-07-46.asp,sessions,1946-01-07,ok,175103,389,22,F2,,2026-03-07T17:23:09.469756+00:00
https://avalon.law.yale.edu/imt/01-08-46.asp,sessions,1946-01-08,ok,189187,41,10,F2,,2026-03-07T17:23:11.200886+00:00
https://avalon.law.yale.edu/imt/01-09-46.asp,sessions,1946-01-09,ok,173913,119,20,F3,,2026-03-07T17:23:13.095097+00:00
https://avalon.law.yale.edu/imt/01-10-46.asp,sessions,1946-01-10,ok,175749,119,13,F3,,2026-03-07T17:23:14.844927+00:00
https://avalon.law.yale.edu/imt/01-11-46.asp,sessions,1946-01-11,ok,171921,428,18,F2,,2026-03-07T17:23:16.641241+00:00
https://avalon.law.yale.edu/imt/01-14-46.asp,sessions,1946-01-14,ok,91254,163,16,F2,,2026-03-07T17:23:18.347822+00:00
https://avalon.law.yale.edu/imt/01-15-46.asp,sessions,1946-01-15,ok,171549,304,11,F2,,2026-03-07T17:23:20.204311+00:00
https://avalon.law.yale.edu/imt/01-16-46.asp,sessions,1946-01-16,ok,198513,116,14,F2,,2026-03-07T17:23:21.949972+00:00
https://avalon.law.yale.edu/imt/01-17-46.asp,sessions,1946-01-17,ok,188702,23,6,F2,,2026-03-07T17:23:23.799070+00:00
https://avalon.law.yale.edu/imt/01-18-46.asp,sessions,1946-01-18,ok,153507,16,4,F2,,2026-03-07T17:23:25.563561+00:00
https://avalon.law.yale.edu/imt/01-19-46.asp,sessions,1946-01-19,ok,84016,5,3,F2,,2026-03-07T17:23:27.288115+00:00
https://avalon.law.yale.edu/imt/01-21-46.asp,sessions,1946-01-21,ok,147056,28,4,F3,,2026-03-07T17:23:29.061941+00:00
https://avalon.law.yale.edu/imt/01-22-46.asp,sessions,1946-01-22,ok,144014,34,7,F2,,2026-03-07T17:23:30.837763+00:00
https://avalon.law.yale.edu/imt/01-23-46.asp,sessions,1946-01-23,ok,162509,76,9,F2,,2026-03-07T17:23:32.601158+00:00
https://avalon.law.yale.edu/imt/01-24-46.asp,sessions,1946-01-24,ok,127376,46,6,F2,,2026-03-07T17:23:34.341987+00:00
https://avalon.law.yale.edu/imt/01-25-46.asp,sessions,1946-01-25,ok,119853,196,14,F2,,2026-03-07T17:23:36.168223+00:00
https://avalon.law.yale.edu/imt/01-28-46.asp,sessions,1946-01-28,ok,170182,606,28,F2,,2026-03-07T17:23:38.103415+00:00
https://avalon.law.yale.edu/imt/01-29-46.asp,sessions,1946-01-29,ok,158523,517,21,F2,,2026-03-07T17:23:39.890869+00:00
https://avalon.law.yale.edu/imt/01-30-46.asp,sessions,1946-01-30,ok,107850,168,8,F2,,2026-03-07T17:23:41.591436+00:00
https://avalon.law.yale.edu/imt/01-31-46.asp,sessions,1946-01-31,ok,130624,77,7,F2,,2026-03-07T17:23:43.346101+00:00
https://avalon.law.yale.edu/imt/02-01-46.asp,sessions,1946-02-01,ok,160596,126,12,F2,,2026-03-07T17:23:45.111733+00:00
https://avalon.law.yale.edu/imt/02-02-46.asp,sessions,1946-02-02,ok,83019,131,10,F2,,2026-03-07T17:23:46.842055+00:00
https://avalon.law.yale.edu/imt/02-04-46.asp,sessions,1946-02-04,ok,176415,179,10,F2,,2026-03-07T17:23:48.813703+00:00
https://avalon.law.yale.edu/imt/02-05-46.asp,sessions,1946-02-05,ok,137842,69,11,F2,,2026-03-07T17:23:50.681640+00:00
https://avalon.law.yale.edu/imt/02-06-46.asp,sessions,1946-02-06,ok,72001,64,9,F2,,2026-03-07T17:23:52.252692+00:00
https://avalon.law.yale.edu/imt/02-07-46.asp,sessions,1946-02-07,ok,190708,87,13,F2,,2026-03-07T17:23:54.082871+00:00
https://avalon.law.yale.edu/imt/02-08-46.asp,sessions,1946-02-08,ok,173992,44,9,F2,,2026-03-07T17:23:55.861253+00:00
https://avalon.law.yale.edu/imt/02-09-46.asp,sessions,1946-02-09,ok,51412,11,3,F2,,2026-03-07T17:23:57.688463+00:00
https://avalon.law.yale.edu/imt/02-11-46.asp,sessions,1946-02-11,ok,137649,134,18,F2,,2026-03-07T17:23:59.520519+00:00
https://avalon.law.yale.edu/imt/02-12-46.asp,sessions,1946-02-12,ok,160608,410,37,F2,,2026-03-07T17:24:01.308993+00:00
https://avalon.law.yale.edu/imt/02-13-46.asp,sessions,1946-02-13,ok,170648,57,6,F2,,2026-03-07T17:24:03.062674+00:00
https://avalon.law.yale.edu/imt/02-14-46.asp,sessions,1946-02-14,ok,161124,50,11,F2,,2026-03-07T17:24:04.794281+00:00
https://avalon.law.yale.edu/imt/02-15-46.asp,sessions,1946-02-15,ok,149199,60,6,F2,,2026-03-07T17:24:06.605881+00:00
https://avalon.law.yale.edu/imt/02-18-46.asp,sessions,1946-02-18,ok,127134,31,7,F2,,2026-03-07T17:24:08.366070+00:00
https://avalon.law.yale.edu/imt/02-19-46.asp,sessions,1946-02-19,ok,103087,23,3,F2,,2026-03-07T17:24:10.112953+00:00
https://avalon.law.yale.edu/imt/02-20-46.asp,sessions,1946-02-20,ok,134645,17,7,NONE,NO_PAGE_NUMBERS,2026-03-07T17:24:11.908321+00:00
https://avalon.law.yale.edu/imt/02-21-46.asp,sessions,1946-02-21,ok,139676,24,5,F3,,2026-03-07T17:24:13.665495+00:00
https://avalon.law.yale.edu/imt/02-22-46.asp,sessions,1946-02-22,ok,147680,118,14,F3,,2026-03-07T17:24:15.429505+00:00
https://avalon.law.yale.edu/imt/02-23-46.asp,sessions,1946-02-23,ok,116640,302,23,F3,,2026-03-07T17:24:17.180011+00:00
https://avalon.law.yale.edu/imt/02-25-46.asp,sessions,1946-02-25,ok,133624,206,16,F3,,2026-03-07T17:24:19.061114+00:00
https://avalon.law.yale.edu/imt/02-26-46.asp,sessions,1946-02-26,ok,127869,274,29,F3,,2026-03-07T17:24:20.855988+00:00
https://avalon.law.yale.edu/imt/02-27-46.asp,sessions,1946-02-27,ok,136929,315,24,F3,,2026-03-07T17:24:22.635174+00:00
https://avalon.law.yale.edu/imt/02-28-46.asp,sessions,1946-02-28,ok,163586,26,15,F3,,2026-03-07T17:24:24.479901+00:00
https://avalon.law.yale.edu/imt/03-01-46.asp,sessions,1946-03-01,ok,167838,133,18,F3,,2026-03-07T17:24:26.349133+00:00
https://avalon.law.yale.edu/imt/03-02-46.asp,sessions,1946-03-02,ok,62733,70,15,F3,,2026-03-07T17:24:28.126683+00:00
https://avalon.law.yale.edu/imt/03-04-46.asp,sessions,1946-03-04,ok,116579,286,15,F3,,2026-03-07T17:24:30.132589+00:00
https://avalon.law.yale.edu/imt/03-05-46.asp,sessions,1946-03-05,ok,62112,109,10,F3,,2026-03-07T17:24:31.835231+00:00
https://avalon.law.yale.edu/imt/03-08-46.asp,sessions,1946-03-08,ok,145769,697,18,F3,,2026-03-07T17:24:33.771604+00:00
https://avalon.law.yale.edu/imt/03-11-46.asp,sessions,1946-03-11,ok,184809,1060,32,F3,,2026-03-07T17:24:35.589556+00:00
https://avalon.law.yale.edu/imt/03-12-46.asp,sessions,1946-03-12,ok,142376,878,27,F3,,2026-03-07T17:24:37.337476+00:00
https://avalon.law.yale.edu/imt/03-13-46.asp,sessions,1946-03-13,ok,179935,551,22,F3,,2026-03-07T17:24:39.141281+00:00
https://avalon.law.yale.edu/imt/03-14-46.asp,sessions,1946-03-14,ok,159667,72,7,F3,,2026-03-07T17:24:40.805867+00:00
https://avalon.law.yale.edu/imt/03-15-46.asp,sessions,1946-03-15,ok,137318,58,4,F3,,2026-03-07T17:24:42.975689+00:00
https://avalon.law.yale.edu/imt/03-16-46.asp,sessions,1946-03-16,ok,87817,127,20,F3,,2026-03-07T17:24:44.761217+00:00
https://avalon.law.yale.edu/imt/03-18-46.asp,sessions,1946-03-18,ok,161641,290,22,F3,,2026-03-07T17:24:46.575147+00:00
https://avalon.law.yale.edu/imt/03-19-46.asp,sessions,1946-03-19,ok,133598,485,18,F3,,2026-03-07T17:24:48.336535+00:00
https://avalon.law.yale.edu/imt/03-20-46.asp,sessions,1946-03-20,ok,176318,396,10,F3,,2026-03-07T17:24:50.133563+00:00
https://avalon.law.yale.edu/imt/03-21-46.asp,sessions,1946-03-21,ok,171866,334,7,F3,,2026-03-07T17:24:51.998695+00:00
https://avalon.law.yale.edu/imt/03-22-46.asp,sessions,1946-03-22,ok,131442,248,21,F3,,2026-03-07T17:24:53.795251+00:00
https://avalon.law.yale.edu/imt/03-23-46.asp,sessions,1946-03-23,ok,43769,136,13,F3,,2026-03-07T17:24:55.820788+00:00
https://avalon.law.yale.edu/imt/03-25-46.asp,sessions,1946-03-25,ok,186741,734,40,F3,,2026-03-07T17:24:57.743681+00:00
https://avalon.law.yale.edu/imt/03-26-46.asp,sessions,1946-03-26,ok,122931,238,16,F3,,2026-03-07T17:24:59.425976+00:00
https://avalon.law.yale.edu/imt/03-27-46.asp,sessions,1946-03-27,ok,170704,571,31,F3,,2026-03-07T17:25:01.228143+00:00
https://avalon.law.yale.edu/imt/03-28-46.asp,sessions,1946-03-28,ok,121740,427,24,F3,,2026-03-07T17:25:03.534541+00:00
https://avalon.law.yale.edu/imt/03-29-46.asp,sessions,1946-03-29,ok,140416,236,10,F3,,2026-03-07T17:25:05.263161+00:00
https://avalon.law.yale.edu/imt/03-30-46.asp,sessions,1946-03-30,ok,92409,151,8,F3,,2026-03-07T17:25:07.013945+00:00
https://avalon.law.yale.edu/imt/04-01-46.asp,sessions,1946-04-01,ok,217467,732,31,F3,,2026-03-07T17:25:08.885009+00:00
https://avalon.law.yale.edu/imt/04-02-46.asp,sessions,1946-04-02,ok,187266,623,18,F3,,2026-03-07T17:25:10.617022+00:00
https://avalon.law.yale.edu/imt/04-03-46.asp,sessions,1946-04-03,ok,52491,126,8,F3,,2026-03-07T17:25:12.247190+00:00
https://avalon.law.yale.edu/imt/04-04-46.asp,sessions,1946-04-04,ok,132640,330,7,F3,,2026-03-07T17:25:14.054085+00:00
https://avalon.law.yale.edu/imt/04-05-46.asp,sessions,1946-04-05,ok,163315,547,23,F3,,2026-03-07T17:25:15.888857+00:00
https://avalon.law.yale.edu/imt/04-06-46.asp,sessions,1946-04-06,ok,96172,332,11,F3,,2026-03-07T17:25:17.610317+00:00
https://avalon.law.yale.edu/imt/04-08-46.asp,sessions,,ok,0,0,0,NONE,MISSING_CONTENT_CONTAINER,
https://avalon.law.yale.edu/imt/04-09-46.asp,sessions,1946-04-09,ok,183787,696,24,F3,,2026-03-07T17:25:21.340962+00:00
https://avalon.law.yale.edu/imt/04-10-46.asp,sessions,1946-04-10,ok,178768,621,24,F3,,2026-03-07T17:25:23.111411+00:00
https://avalon.law.yale.edu/imt/04-11-46.asp,sessions,1946-04-11,ok,170888,395,9,F3,,2026-03-07T17:25:24.836661+00:00
https://avalon.law.yale.edu/imt/04-12-46.asp,sessions,1946-04-12,ok,196429,672,12,F3,,2026-03-07T17:25:26.640740+00:00
https://avalon.law.yale.edu/imt/04-13-46.asp,sessions,1946-04-13,ok,82487,307,17,F3,,2026-03-07T17:25:28.446093+00:00
https://avalon.law.yale.edu/imt/04-15-46.asp,sessions,1946-04-15,ok,168916,591,27,F3,,2026-03-07T17:25:30.284972+00:00
https://avalon.law.yale.edu/imt/04-16-46.asp,sessions,1946-04-16,ok,173947,278,7,F3,,2026-03-07T17:25:32.030004+00:00
https://avalon.law.yale.edu/imt/04-17-46.asp,sessions,1946-04-17,ok,216492,814,21,F3,,2026-03-07T17:25:33.890165+00:00
https://avalon.law.yale.edu/imt/04-18-46.asp,sessions,1946-04-18,ok,161160,693,22,F2,,2026-03-07T17:25:35.582029+00:00
https://avalon.law.yale.edu/imt/04-23-46.asp,sessions,1946-04-23,ok,187482,481,17,F2,,2026-03-07T17:25:37.353925+00:00
https://avalon.law.yale.edu/imt/04-24-46.asp,sessions,1946-04-24,ok,163482,262,14,F2,,2026-03-07T17:25:39.101746+00:00
https://avalon.law.yale.edu/imt/04-25-46.asp,sessions,1946-04-25,ok,180140,513,8,F2,,2026-03-07T17:25:40.875259+00:00
https://avalon.law.yale.edu/imt/04-26-46.asp,sessions,1946-04-26,ok,141932,500,19,F2,,2026-03-07T17:25:42.677087+00:00
https://avalon.law.yale.edu/imt/04-29-46.asp,sessions,1946-04-29,ok,196682,695,17,F2,,2026-03-07T17:25:44.533867+00:00
https://avalon.law.yale.edu/imt/04-30-46.asp,sessions,1946-04-30,ok,180001,416,25,F2,,2026-03-07T17:25:46.285986+00:00
https://avalon.law.yale.edu/imt/05-01-46.asp,sessions,1946-05-01,ok,181022,384,9,F2,,2026-03-07T17:25:48.129855+00:00
https://avalon.law.yale.edu/imt/05-02-46.asp,sessions,1946-05-02,ok,184582,815,15,F3,,2026-03-07T17:25:49.999170+00:00
https://avalon.law.yale.edu/imt/05-03-46.asp,sessions,1946-05-03,ok,193051,806,35,F3,,2026-03-07T17:25:51.758449+00:00
https://avalon.law.yale.edu/imt/05-04-46.asp,sessions,1946-05-04,ok,63440,171,4,F2,,2026-03-07T17:25:53.406204+00:00
https://avalon.law.yale.edu/imt/05-06-46.asp,sessions,1946-05-06,ok,165516,487,14,F3,,2026-03-07T17:25:55.253351+00:00
https://avalon.law.yale.edu/imt/05-07-46.asp,sessions,1946-05-07,ok,167192,532,23,F3,,2026-03-07T17:25:57.111639+00:00
https://avalon.law.yale.edu/imt/05-08-46.asp,sessions,1946-05-08,ok,96332,162,4,F3,,2026-03-07T17:25:58.910178+00:00
https://avalon.law.yale.edu/imt/05-09-46.asp,sessions,1946-05-09,ok,163532,512,26,F3,,2026-03-07T17:26:00.712907+00:00
https://avalon.law.yale.edu/imt/05-10-46.asp,sessions,1946-05-10,ok,206401,624,20,F3,,2026-03-07T17:26:02.540626+00:00
https://avalon.law.yale.edu/imt/05-11-46.asp,sessions,1946-05-11,ok,75862,103,14,F3,,2026-03-07T17:26:04.162554+00:00
https://avalon.law.yale.edu/imt/05-13-46.asp,sessions,1946-05-13,ok,150055,507,11,F3,,2026-03-07T17:26:06.002035+00:00
https://avalon.law.yale.edu/imt/05-14-46.asp,sessions,1946-05-14,ok,146768,832,16,F3,,2026-03-07T17:26:07.782085+00:00
https://avalon.law.yale.edu/imt/05-15-46.asp,sessions,1946-05-15,ok,178648,880,18,F3,,2026-03-07T17:26:09.552103+00:00
https://avalon.law.yale.edu/imt/05-16-46.asp,sessions,1946-05-16,ok,168738,331,13,F3,,2026-03-07T17:26:11.248487+00:00
https://avalon.law.yale.edu/imt/05-17-46.asp,sessions,1946-05-17,ok,120157,191,7,F3,,2026-03-07T17:26:12.973423+00:00
https://avalon.law.yale.edu/imt/05-18-46.asp,sessions,1946-05-18,ok,98020,204,13,F3,,2026-03-07T17:26:14.837399+00:00
https://avalon.law.yale.edu/imt/05-20-46.asp,sessions,1946-05-20,ok,222561,653,11,F3,,2026-03-07T17:26:16.863263+00:00
https://avalon.law.yale.edu/imt/05-21-46.asp,sessions,1946-05-21,ok,152101,637,29,F3,,2026-03-07T17:26:18.577912+00:00
https://avalon.law.yale.edu/imt/05-22-46.asp,sessions,1946-05-22,ok,175707,676,15,F3,,2026-03-07T17:26:20.380349+00:00
https://avalon.law.yale.edu/imt/05-23-46.asp,sessions,1946-05-23,ok,163903,449,11,F3,,2026-03-07T17:26:22.100406+00:00
https://avalon.law.yale.edu/imt/05-24-46.asp,sessions,1946-05-24,ok,196348,719,16,F3,,2026-03-07T17:26:23.905467+00:00
https://avalon.law.yale.edu/imt/05-27-46.asp,sessions,1946-05-27,ok,183878,756,11,F3,,2026-03-07T17:26:25.764804+00:00
https://avalon.law.yale.edu/imt/05-28-46.asp,sessions,1946-05-28,ok,163226,892,18,F3,,2026-03-07T17:26:27.526054+00:00
https://avalon.law.yale.edu/imt/05-29-46.asp,sessions,1946-05-29,ok,158050,610,18,F3,,2026-03-07T17:26:29.295462+00:00
https://avalon.law.yale.edu/imt/05-30-46.asp,sessions,1946-05-30,ok,168219,702,12,F3,,2026-03-07T17:26:31.186872+00:00
https://avalon.law.yale.edu/imt/05-31-46.asp,sessions,1946-05-31,ok,202310,897,19,F3,,2026-03-07T17:26:33.025139+00:00
https://avalon.law.yale.edu/imt/06-01-46.asp,sessions,1946-06-01,ok,101547,525,18,F3,,2026-03-07T17:26:34.670943+00:00
https://avalon.law.yale.edu/imt/06-03-46.asp,sessions,1946-06-03,ok,140128,526,21,F3,,2026-03-07T17:26:36.537315+00:00
https://avalon.law.yale.edu/imt/06-04-46.asp,sessions,1946-06-04,ok,153380,489,9,F3,,2026-03-07T17:26:38.321579+00:00
https://avalon.law.yale.edu/imt/06-05-46.asp,sessions,1946-06-05,ok,169723,605,19,F3,,2026-03-07T17:26:40.018307+00:00
https://avalon.law.yale.edu/imt/06-06-46.asp,sessions,1946-06-06,ok,187686,616,10,F3,,2026-03-07T17:26:41.815019+00:00
https://avalon.law.yale.edu/imt/06-07-46.asp,sessions,1946-06-07,ok,158983,630,15,F3,,2026-03-07T17:26:43.554439+00:00
https://avalon.law.yale.edu/imt/06-08-46.asp,sessions,1946-06-08,ok,96051,309,23,F3,,2026-03-07T17:26:45.285230+00:00
https://avalon.law.yale.edu/imt/06-10-46.asp,sessions,1946-06-10,ok,161359,374,6,F3,,2026-03-07T17:26:47.072424+00:00
https://avalon.law.yale.edu/imt/06-11-46.asp,sessions,1946-06-11,ok,153286,615,21,F3,,2026-03-07T17:26:48.864734+00:00
https://avalon.law.yale.edu/imt/06-12-46.asp,sessions,1946-06-12,ok,199758,894,19,F3,,2026-03-07T17:26:50.698493+00:00
https://avalon.law.yale.edu/imt/06-13-46.asp,sessions,1946-06-13,ok,162358,674,20,F3,,2026-03-07T17:26:52.471394+00:00
https://avalon.law.yale.edu/imt/06-14-46.asp,sessions,1946-06-14,ok,153079,507,20,F3,,2026-03-07T17:26:54.420704+00:00
https://avalon.law.yale.edu/imt/06-17-46.asp,sessions,1946-06-17,ok,135359,216,7,F3,,2026-03-07T17:26:56.143523+00:00
https://avalon.law.yale.edu/imt/06-18-46.asp,sessions,1946-06-18,ok,172985,476,6,F3,,2026-03-07T17:26:57.965931+00:00
https://avalon.law.yale.edu/imt/06-19-46.asp,sessions,1946-06-19,ok,179736,522,13,F3,,2026-03-07T17:26:59.713338+00:00
https://avalon.law.yale.edu/imt/06-20-46.asp,sessions,1946-06-20,ok,178980,411,5,F3,,2026-03-07T17:27:01.474109+00:00
https://avalon.law.yale.edu/imt/06-21-46.asp,sessions,1946-06-21,ok,201072,688,29,F3,,2026-03-07T17:27:03.278477+00:00
https://avalon.law.yale.edu/imt/06-22-46.asp,sessions,1946-06-22,ok,81300,165,5,F3,,2026-03-07T17:27:05.083708+00:00
https://avalon.law.yale.edu/imt/06-24-46.asp,sessions,1946-06-24,ok,146846,276,5,F3,,2026-03-07T17:27:07.047726+00:00
https://avalon.law.yale.edu/imt/06-25-46.asp,sessions,1946-06-25,ok,201318,575,19,F3,,2026-03-07T17:27:09.002652+00:00
https://avalon.law.yale.edu/imt/06-26-46.asp,sessions,1946-06-26,ok,183468,576,31,F3,,2026-03-07T17:27:10.756776+00:00
https://avalon.law.yale.edu/imt/06-27-46.asp,sessions,1946-06-27,ok,85088,189,8,F3,,2026-03-07T17:27:12.539972+00:00
https://avalon.law.yale.edu/imt/06-28-46.asp,sessions,1946-06-28,ok,167680,618,20,F3,,2026-03-07T17:27:14.342318+00:00
https://avalon.law.yale.edu/imt/06-29-46.asp,sessions,1946-06-29,ok,81215,251,14,F3,,2026-03-07T17:27:16.052478+00:00
https://avalon.law.yale.edu/imt/07-01-46.asp,sessions,1946-07-01,ok,160011,851,26,F3,,2026-03-07T17:27:17.930462+00:00
https://avalon.law.yale.edu/imt/07-02-46.asp,sessions,1946-07-02,ok,140914,453,23,F3,,2026-03-07T17:27:19.609935+00:00
https://avalon.law.yale.edu/imt/07-03-46.asp,sessions,1946-07-03,ok,170519,453,32,F3,,2026-03-07T17:27:21.520035+00:00
https://avalon.law.yale.edu/imt/07-04-46.asp,sessions,1946-07-04,ok,177046,25,8,F3,,2026-03-07T17:27:23.233512+00:00
https://avalon.law.yale.edu/imt/07-05-46.asp,sessions,1946-07-05,ok,172762,74,5,F3,,2026-03-07T17:27:25.003937+00:00
https://avalon.law.yale.edu/imt/07-08-46.asp,sessions,1946-07-08,ok,264135,41,5,F3,,2026-03-07T17:27:26.818196+00:00
https://avalon.law.yale.edu/imt/07-09-46.asp,sessions,1946-07-09,ok,274461,43,9,F3,,2026-03-07T17:27:28.615309+00:00
https://avalon.law.yale.edu/imt/07-10-46.asp,sessions,1946-07-10,ok,129164,18,4,F3,,2026-03-07T17:27:30.334312+00:00
https://avalon.law.yale.edu/imt/07-11-46.asp,sessions,1946-07-11,ok,185500,24,8,F3,,2026-03-07T17:27:32.128662+00:00
https://avalon.law.yale.edu/imt/07-12-46.asp,sessions,1946-07-12,ok,183338,11,4,F3,,2026-03-07T17:27:33.886334+00:00
https://avalon.law.yale.edu/imt/07-15-46.asp,sessions,1946-07-15,ok,205227,130,23,F3,,2026-03-07T17:27:35.627851+00:00
https://avalon.law.yale.edu/imt/07-16-46.asp,sessions,1946-07-16,ok,230112,33,7,F3,,2026-03-07T17:27:37.690269+00:00
https://avalon.law.yale.edu/imt/07-17-46.asp,sessions,1946-07-17,ok,115326,23,5,F3,,2026-03-07T17:27:39.401812+00:00
https://avalon.law.yale.edu/imt/07-18-46.asp,sessions,1946-07-18,ok,201991,15,8,F3,,2026-03-07T17:27:41.215383+00:00
https://avalon.law.yale.edu/imt/07-19-46.asp,sessions,1946-07-19,ok,248897,45,9,F3,,2026-03-07T17:27:43.002961+00:00
https://avalon.law.yale.edu/imt/07-22-46.asp,sessions,1946-07-22,ok,217978,131,23,F3,,2026-03-07T17:27:44.756185+00:00
https://avalon.law.yale.edu/imt/07-23-46.asp,sessions,1946-07-23,ok,305283,19,8,F3,,2026-03-07T17:27:46.766586+00:00
https://avalon.law.yale.edu/imt/07-24-46.asp,sessions,1946-07-24,ok,218113,90,13,F3,,2026-03-07T17:27:48.495222+00:00
https://avalon.law.yale.edu/imt/07-25-46.asp,sessions,1946-07-25,ok,197672,11,5,F3,,2026-03-07T17:27:50.257371+00:00
https://avalon.law.yale.edu/imt/07-26-46.asp,sessions,1946-07-26,ok,234082,16,6,F3,,2026-03-07T17:27:52.061641+00:00
https://avalon.law.yale.edu/imt/07-27-46.asp,sessions,1946-07-27,ok,147007,4,2,F3,,2026-03-07T17:27:53.794347+00:00
https://avalon.law.yale.edu/imt/07-29-46.asp,sessions,1946-07-29,ok,251684,9,5,F3,,2026-03-07T17:27:55.628850+00:00
https://avalon.law.yale.edu/imt/07-30-46.asp,sessions,1946-07-30,ok,185110,544,27,NONE,NO_PAGE_NUMBERS,2026-03-07T17:27:57.377833+00:00
https://avalon.law.yale.edu/imt/07-31-46.asp,sessions,1946-07-31,ok,163946,717,41,NONE,NO_PAGE_NUMBERS,2026-03-07T17:27:59.151030+00:00
https://avalon.law.yale.edu/imt/08-01-46.asp,sessions,1946-08-01,ok,174677,790,37,F3,,2026-03-07T17:28:00.926272+00:00
https://avalon.law.yale.edu/imt/08-02-46.asp,sessions,1946-08-02,ok,156727,675,36,NONE,NO_PAGE_NUMBERS,2026-03-07T17:28:02.683527+00:00
https://avalon.law.yale.edu/imt/08-03-46.asp,sessions,1946-08-03,ok,77045,296,23,NONE,NO_PAGE_NUMBERS,2026-03-07T17:28:04.329347+00:00
https://avalon.law.yale.edu/imt/08-05-46.asp,sessions,1946-08-05,ok,152244,463,24,NONE,NO_PAGE_NUMBERS,2026-03-07T17:28:06.176234+00:00
https://avalon.law.yale.edu/imt/08-06-46.asp,sessions,1946-08-06,ok,173131,560,24,NONE,NO_PAGE_NUMBERS,2026-03-07T17:28:07.936167+00:00
https://avalon.law.yale.edu/imt/08-07-46.asp,sessions,1946-08-07,ok,166196,513,28,F3,,2026-03-07T17:28:10.849886+00:00
https://avalon.law.yale.edu/imt/08-08-46.asp,sessions,1946-08-08,ok,96543,352,14,F3,,2026-03-07T17:28:11.773033+00:00
https://avalon.law.yale.edu/imt/08-09-46.asp,sessions,1946-08-09,ok,192179,716,40,F3,,2026-03-07T17:28:13.612697+00:00
https://avalon.law.yale.edu/imt/08-10-46.asp,sessions,1946-08-10,ok,105014,344,13,F3,,2026-03-07T17:28:15.291620+00:00
https://avalon.law.yale.edu/imt/08-12-46.asp,sessions,1946-08-12,ok,172293,632,34,NONE,NO_PAGE_NUMBERS,2026-03-07T17:28:17.079672+00:00
https://avalon.law.yale.edu/imt/08-13-46.asp,sessions,1946-08-13,ok,170028,686,27,NONE,NO_PAGE_NUMBERS,2026-03-07T17:28:18.848082+00:00
https://avalon.law.yale.edu/imt/08-14-46.asp,sessions,1946-08-14,ok,102884,279,12,NONE,NO_PAGE_NUMBERS,2026-03-07T17:28:20.557490+00:00
https://avalon.law.yale.edu/imt/08-15-46.asp,sessions,1946-08-15,ok,91848,204,16,NONE,NO_PAGE_NUMBERS,2026-03-07T17:28:22.299141+00:00
https://avalon.law.yale.edu/imt/08-16-46.asp,sessions,1946-08-16,ok,169767,368,28,NONE,NO_PAGE_NUMBERS,2026-03-07T17:28:24.137655+00:00
https://avalon.law.yale.edu/imt/08-19-46.asp,sessions,1946-08-19,ok,73069,118,15,NONE,NO_PAGE_NUMBERS,2026-03-07T17:28:25.815646+00:00
https://avalon.law.yale.edu/imt/08-20-46.asp,sessions,1946-08-20,ok,155298,0,0,NONE,NO_SPEAKER_TURNS|NO_PAGE_NUMBERS,2026-03-07T17:28:27.625280+00:00
https://avalon.law.yale.edu/imt/08-21-46.asp,sessions,1946-08-21,ok,150715,0,0,NONE,NO_SPEAKER_TURNS|NO_PAGE_NUMBERS,2026-03-07T17:28:29.390070+00:00
https://avalon.law.yale.edu/imt/08-22-46.asp,sessions,1946-08-22,ok,158815,207,18,F3,,2026-03-07T17:28:31.217972+00:00
https://avalon.law.yale.edu/imt/08-23-46.asp,sessions,1946-08-23,ok,241180,54,7,F3,,2026-03-07T17:28:33.021154+00:00
https://avalon.law.yale.edu/imt/08-26-46.asp,sessions,1946-08-26,ok,265072,255,11,F3,,2026-03-07T17:28:35.060411+00:00
https://avalon.law.yale.edu/imt/08-27-46.asp,sessions,1946-08-27,ok,290726,152,11,F3,,2026-03-07T17:28:37.014917+00:00
https://avalon.law.yale.edu/imt/08-28-46.asp,sessions,1946-08-28,ok,243904,43,13,F3,,2026-03-07T17:28:39.015065+00:00
https://avalon.law.yale.edu/imt/08-29-46.asp,sessions,1946-08-29,ok,274192,26,4,F3,,2026-03-07T17:28:41.037218+00:00
https://avalon.law.yale.edu/imt/08-30-46.asp,sessions,1946-08-30,ok,268001,55,14,F3,,2026-03-07T17:28:43.084517+00:00
https://avalon.law.yale.edu/imt/08-31-46.asp,sessions,1946-08-31,ok,130928,60,29,F3,,2026-03-07T17:28:44.772177+00:00
https://avalon.law.yale.edu/imt/09-30-46.asp,sessions,1946-09-30,ok,310765,19,8,F3,,2026-03-07T17:28:46.972408+00:00
https://avalon.law.yale.edu/imt/10-01-46.asp,sessions,1946-10-01,ok,184939,20,5,F3,,2026-03-07T17:28:48.988552+00:00
https://avalon.law.yale.edu/imt/judgen.asp,judgment,,ok,13331,0,0,NONE,,2026-03-07T17:28:52.433843+00:00
https://avalon.law.yale.edu/imt/judprov.asp,judgment,,ok,9167,0,0,NONE,,2026-03-07T17:28:54.354268+00:00
https://avalon.law.yale.edu/imt/judnazi.asp,judgment,,ok,51736,0,0,NONE,,2026-03-07T17:28:56.128405+00:00
https://avalon.law.yale.edu/imt/judnazi.asp#origin,judgment,,ok,51736,0,0,NONE,,2026-03-07T17:28:57.875992+00:00
https://avalon.law.yale.edu/imt/judnazi.asp#consol,judgment,,ok,51736,0,0,NONE,,2026-03-07T17:28:59.662867+00:00
https://avalon.law.yale.edu/imt/judnazi.asp#measures,judgment,,ok,51736,0,0,NONE,,2026-03-07T17:29:01.414601+00:00
https://avalon.law.yale.edu/imt/judnazi.asp#common,judgment,,ok,51736,0,0,NONE,,2026-03-07T17:29:03.169974+00:00
https://avalon.law.yale.edu/imt/judnazi.asp#prep,judgment,,ok,51736,0,0,NONE,,2026-03-07T17:29:04.919884+00:00
https://avalon.law.yale.edu/imt/judnazi.asp#plan,judgment,,ok,51736,0,0,NONE,,2026-03-07T17:29:06.665668+00:00
https://avalon.law.yale.edu/imt/judnazi.asp#conf,judgment,,ok,51736,0,0,NONE,,2026-03-07T17:29:08.400558+00:00
https://avalon.law.yale.edu/imt/judaus.asp,judgment,,ok,13902,0,0,NONE,,2026-03-07T17:29:10.123850+00:00
https://avalon.law.yale.edu/imt/judseize.asp,judgment,,ok,15410,0,0,NONE,,2026-03-07T17:29:11.875925+00:00
https://avalon.law.yale.edu/imt/judpolan.asp,judgment,,ok,25165,0,0,NONE,,2026-03-07T17:29:13.624150+00:00
https://avalon.law.yale.edu/imt/juddenma.asp,judgment,,ok,18628,0,0,NONE,,2026-03-07T17:29:15.408371+00:00
https://avalon.law.yale.edu/imt/judbelg.asp,judgment,,ok,10521,0,0,NONE,,2026-03-07T17:29:17.155146+00:00
https://avalon.law.yale.edu/imt/judyugo.asp,judgment,,ok,12968,0,0,NONE,,2026-03-07T17:29:18.904054+00:00
https://avalon.law.yale.edu/imt/judsov.asp,judgment,,ok,12426,0,0,NONE,,2026-03-07T17:29:20.649485+00:00
https://avalon.law.yale.edu/imt/judunite.asp,judgment,,ok,9455,0,0,NONE,,2026-03-07T17:29:22.389027+00:00
https://avalon.law.yale.edu/imt/judviol.asp,judgment,,ok,12768,0,0,NONE,,2026-03-07T17:29:24.152932+00:00
https://avalon.law.yale.edu/imt/judviol.asp#general,judgment,,ok,12768,0,0,NONE,,2026-03-07T17:29:25.898713+00:00
https://avalon.law.yale.edu/imt/judviol.asp#hague,judgment,,ok,12768,0,0,NONE,,2026-03-07T17:29:27.638567+00:00
https://avalon.law.yale.edu/imt/judviol.asp#treaties,judgment,,ok,12768,0,0,NONE,,2026-03-07T17:29:29.375711+00:00
https://avalon.law.yale.edu/imt/judlawch.asp,judgment,,ok,23045,0,0,NONE,,2026-03-07T17:29:31.116394+00:00
https://avalon.law.yale.edu/imt/judlawco.asp,judgment,,ok,13715,0,0,NONE,,2026-03-07T17:29:32.859075+00:00
https://avalon.law.yale.edu/imt/judwarcr.asp,judgment,,ok,80329,0,0,NONE,,2026-03-07T17:29:34.630720+00:00
https://avalon.law.yale.edu/imt/judwarcr.asp#general,judgment,,ok,80329,0,0,NONE,,2026-03-07T17:29:36.367233+00:00
https://avalon.law.yale.edu/imt/judwarcr.asp#prisoners,judgment,,ok,80329,0,0,NONE,,2026-03-07T17:29:38.161929+00:00
https://avalon.law.yale.edu/imt/judwarcr.asp#civilian,judgment,,ok,80329,0,0,NONE,,2026-03-07T17:29:40.030856+00:00
https://avalon.law.yale.edu/imt/judwarcr.asp#slave,judgment,,ok,80329,0,0,NONE,,2026-03-07T17:29:41.908574+00:00
https://avalon.law.yale.edu/imt/judwarcr.asp#persecution,judgment,,ok,80329,0,0,NONE,,2026-03-07T17:29:43.696137+00:00
https://avalon.law.yale.edu/imt/judlawre.asp,judgment,,ok,12490,0,0,NONE,,2026-03-07T17:29:45.416849+00:00
https://avalon.law.yale.edu/imt/judorg.asp,judgment,,ok,76400,0,0,NONE,,2026-03-07T17:29:47.231574+00:00
https://avalon.law.yale.edu/imt/judorg.asp#general,judgment,,ok,76400,0,0,NONE,,2026-03-07T17:29:48.985767+00:00
https://avalon.law.yale.edu/imt/judorg.asp#leadership,judgment,,ok,76400,0,0,NONE,,2026-03-07T17:29:50.733209+00:00
https://avalon.law.yale.edu/imt/judorg.asp#gestapo,judgment,,ok,76400,0,0,NONE,,2026-03-07T17:29:52.473152+00:00
https://avalon.law.yale.edu/imt/judorg.asp#ss,judgment,,ok,76400,0,0,NONE,,2026-03-07T17:29:54.220508+00:00
https://avalon.law.yale.edu/imt/judorg.asp#sa,judgment,,ok,76400,0,0,NONE,,2026-03-07T17:29:55.965771+00:00
https://avalon.law.yale.edu/imt/judorg.asp#reich,judgment,,ok,76400,0,0,NONE,,2026-03-07T17:29:57.710659+00:00
https://avalon.law.yale.edu/imt/judorg.asp#staff,judgment,,ok,76400,0,0,NONE,,2026-03-07T17:29:59.449381+00:00
https://avalon.law.yale.edu/imt/judgoeri.asp,judgment,,ok,14837,0,0,NONE,,2026-03-07T17:30:01.171439+00:00
https://avalon.law.yale.edu/imt/judhess.asp,judgment,,ok,13054,0,0,NONE,,2026-03-07T17:30:02.953820+00:00
https://avalon.law.yale.edu/imt/judribb.asp,judgment,,ok,14740,0,0,NONE,,2026-03-07T17:30:04.693096+00:00
https://avalon.law.yale.edu/imt/judkeite.asp,judgment,,ok,14461,0,0,NONE,,2026-03-07T17:30:06.442675+00:00
https://avalon.law.yale.edu/imt/judkalt.asp,judgment,,ok,13091,0,0,NONE,,2026-03-07T17:30:08.188467+00:00
https://avalon.law.yale.edu/imt/judrosen.asp,judgment,,ok,13529,0,0,NONE,,2026-03-07T17:30:09.957565+00:00
https://avalon.law.yale.edu/imt/judfrank.asp,judgment,,ok,13361,0,0,NONE,,2026-03-07T17:30:11.954834+00:00
https://avalon.law.yale.edu/imt/judfrick.asp,judgment,,ok,14214,0,0,NONE,,2026-03-07T17:30:13.679382+00:00
https://avalon.law.yale.edu/imt/judstrei.asp,judgment,,ok,13283,0,0,NONE,,2026-03-07T17:30:15.443134+00:00
https://avalon.law.yale.edu/imt/judfunk.asp,judgment,,ok,13782,0,0,NONE,,2026-03-07T17:30:17.194234+00:00
https://avalon.law.yale.edu/imt/judschac.asp,judgment,,ok,15795,0,0,NONE,,2026-03-07T17:30:18.937410+00:00
https://avalon.law.yale.edu/imt/juddoeni.asp,judgment,,ok,19360,0,0,NONE,,2026-03-07T17:30:20.686119+00:00
https://avalon.law.yale.edu/imt/judraede.asp,judgment,,ok,12901,0,0,NONE,,2026-03-07T17:30:22.434425+00:00
https://avalon.law.yale.edu/imt/judschir.asp,judgment,,ok,13539,0,0,NONE,,2026-03-07T17:30:24.271261+00:00
https://avalon.law.yale.edu/imt/judsauck.asp,judgment,,ok,11546,0,0,NONE,,2026-03-07T17:30:26.022657+00:00
https://avalon.law.yale.edu/imt/judjodl.asp,judgment,,ok,14555,0,0,NONE,,2026-03-07T17:30:27.769049+00:00
https://avalon.law.yale.edu/imt/judpapen.asp,judgment,,ok,13130,0,0,NONE,,2026-03-07T17:30:29.516704+00:00
https://avalon.law.yale.edu/imt/judseyss.asp,judgment,,ok,13572,0,0,NONE,,2026-03-07T17:30:31.270127+00:00
https://avalon.law.yale.edu/imt/judspeer.asp,judgment,,ok,14632,0,0,NONE,,2026-03-07T17:30:33.018359+00:00
https://avalon.law.yale.edu/imt/judneur.asp,judgment,,ok,14321,0,0,NONE,,2026-03-07T17:30:34.780496+00:00
https://avalon.law.yale.edu/imt/judfritz.asp,judgment,,ok,12328,0,0,NONE,,2026-03-07T17:30:36.518935+00:00
https://avalon.law.yale.edu/imt/judborma.asp,judgment,,ok,13422,0,0,NONE,,2026-03-07T17:30:38.318062+00:00
https://avalon.law.yale.edu/imt/juddiss.asp#general,judgment,,ok,67991,0,0,NONE,,2026-03-07T17:30:40.089366+00:00
https://avalon.law.yale.edu/imt/juddiss.asp#schacht,judgment,,ok,67991,0,0,NONE,,2026-03-07T17:30:42.140276+00:00
https://avalon.law.yale.edu/imt/juddiss.asp#papen,judgment,,ok,67991,0,0,NONE,,2026-03-07T17:30:43.892314+00:00
https://avalon.law.yale.edu/imt/juddiss.asp#fritzsche,judgment,,ok,67991,0,0,NONE,,2026-03-07T17:30:45.646688+00:00
https://avalon.law.yale.edu/imt/juddiss.asp#hess,judgment,,ok,67991,0,0,NONE,,2026-03-07T17:30:47.378258+00:00
https://avalon.law.yale.edu/imt/juddiss.asp#reich,judgment,,ok,67991,0,0,NONE,,2026-03-07T17:30:49.109663+00:00
https://avalon.law.yale.edu/imt/juddiss.asp#staff,judgment,,ok,67991,0,0,NONE,,2026-03-07T17:30:50.965688+00:00
https://avalon.law.yale.edu/imt/imt_jack01.asp,key_docs,,ok,42141,0,0,NONE,,2026-03-07T17:30:52.680259+00:00
https://avalon.law.yale.edu/imt/nurecode.asp,key_docs,,ok,9367,0,0,NONE,,2026-03-07T17:30:54.475693+00:00
https://avalon.law.yale.edu/imt/imtroyal.asp,key_docs,,ok,22670,0,0,NONE,,2026-03-07T17:30:56.225307+00:00
https://avalon.law.yale.edu/imt/imtjames.asp,key_docs,,ok,7623,0,0,NONE,,2026-03-07T17:30:57.971106+00:00
https://avalon.law.yale.edu/imt/imt_jack02.asp,key_docs,,ok,11997,0,0,NONE,,2026-03-07T17:30:59.805826+00:00
https://avalon.law.yale.edu/imt/1061-ps.asp,key_docs,,ok,134047,0,0,NONE,,2026-03-07T17:31:01.661725+00:00
https://avalon.law.yale.edu/imt/wannsee.asp,key_docs,,ok,27558,0,0,NONE,,2026-03-07T17:31:03.388073+00:00
https://avalon.law.yale.edu/imt/naeve.asp,key_docs,,ok,361031,0,0,F3,,2026-03-07T17:31:06.174372+00:00
https://avalon.law.yale.edu/imt/01-02-46.asp#kaltmotion,motions,,ok,144907,0,0,F2,,2026-03-07T17:31:09.864327+00:00
https://avalon.law.yale.edu/imt/12-07-45.asp#austria1,cases,,ok,169828,0,0,F3,,2026-03-07T17:31:15.714996+00:00
https://avalon.law.yale.edu/imt/12-10-45.asp#usa,cases,,ok,182376,0,0,F2,,2026-03-07T17:31:17.696831+00:00
https://avalon.law.yale.edu/imt/12-13-45.asp#camps,cases,,ok,175126,0,0,F3,,2026-03-07T17:31:19.745118+00:00
https://avalon.law.yale.edu/imt/12-11-45.asp#forcedlabor,cases,,ok,46062,0,0,F2,,2026-03-07T17:31:21.497341+00:00
https://avalon.law.yale.edu/imt/01-04-46.asp#staff,cases,,ok,181838,0,0,F2,,2026-03-07T17:31:23.415985+00:00
https://avalon.law.yale.edu/imt/12-14-45.asp#harris,cases,,ok,170841,0,0,F2,,2026-03-07T17:31:25.248629+00:00
https://avalon.law.yale.edu/imt/12-20-45.asp#gestapo,cases,,ok,161260,0,0,F2,,2026-03-07T17:31:27.313333+00:00
https://avalon.law.yale.edu/imt/01-02-46.asp#kalt,cases,,ok,144907,0,0,F2,,2026-03-07T17:31:29.084853+00:00
https://avalon.law.yale.edu/imt/12-17-45.asp#leadership,cases,,ok,181755,0,0,F2,,2026-03-07T17:31:31.106836+00:00
https://avalon.law.yale.edu/imt/12-13-45.asp#jewishpersecution,cases,,ok,175126,0,0,F3,,2026-03-07T17:31:33.251405+00:00
https://avalon.law.yale.edu/imt/12-18-45.asp#sa,cases,,ok,184435,0,0,F2,,2026-03-07T17:31:35.497106+00:00
https://avalon.law.yale.edu/imt/12-19-45.asp#ss,cases,,ok,172856,0,0,F2,,2026-03-07T17:31:37.817222+00:00
https://avalon.law.yale.edu/imt/12-05-45.asp#generaltreaties,cases,,ok,155815,0,0,F2,,2026-03-07T17:31:40.206677+00:00
https://avalon.law.yale.edu/imt/12-07-45.asp#belgium1,cases,,ok,169828,0,0,F3,,2026-03-07T17:31:42.465078+00:00
https://avalon.law.yale.edu/imt/12-06-45.asp#norway1,cases,,ok,173460,0,0,F3,,2026-03-07T17:31:44.673172+00:00
https://avalon.law.yale.edu/imt/12-05-45.asp#griffith,cases,,ok,155815,0,0,F2,,2026-03-07T17:31:46.392504+00:00
https://avalon.law.yale.edu/imt/12-07-45.asp#soviet1,cases,,ok,169828,0,0,F3,,2026-03-07T17:31:48.230461+00:00
https://avalon.law.yale.edu/imt/01-04-46.asp#hollriegel,witnesses,,ok,181838,0,0,F2,,2026-03-07T17:31:51.770988+00:00
https://avalon.law.yale.edu/imt/12-01-45.asp#lahousen,witnesses,,ok,90658,0,0,NONE,,2026-03-07T17:31:53.509047+00:00
https://avalon.law.yale.edu/imt/01-03-46.asp#ohlendorf,witnesses,,ok,163906,0,0,F2,,2026-03-07T17:31:55.571823+00:00
https://avalon.law.yale.edu/imt/01-04-46.asp#schellenberg,witnesses,,ok,181838,0,0,F2,,2026-03-07T17:31:57.196626+00:00
https://avalon.law.yale.edu/imt/01-03-46.asp#wisliceny,witnesses,,ok,163906,0,0,F2,,2026-03-07T17:31:59.194246+00:00
https://avalon.law.yale.edu/imt/01-07-46.asp#zelewski,witnesses,,ok,175103,0,0,F2,,2026-03-07T17:32:01.252022+00:00
https://avalon.law.yale.edu/imt/jack_titlep.asp,jackson,,ok,7837,0,0,NONE,POSSIBLE_TRUNCATION,2026-03-07T17:32:04.707709+00:00
https://avalon.law.yale.edu/imt/jack_letter.asp,jackson,,ok,8652,0,0,NONE,POSSIBLE_TRUNCATION,2026-03-07T17:32:06.460106+00:00
https://avalon.law.yale.edu/imt/jack_foreword.asp,jackson,,ok,10345,0,0,NONE,POSSIBLE_TRUNCATION,2026-03-07T17:32:08.202848+00:00
https://avalon.law.yale.edu/imt/jack_preface.asp,jackson,,ok,29648,0,0,NONE,POSSIBLE_TRUNCATION,2026-03-07T17:32:09.968189+00:00
https://avalon.law.yale.edu/imt/jack01.asp,jackson,,ok,47083,0,0,F1,POSSIBLE_TRUNCATION,2026-03-07T17:32:11.786631+00:00
https://avalon.law.yale.edu/imt/jack02.asp,jackson,,ok,13042,0,0,NONE,POSSIBLE_TRUNCATION,2026-03-07T17:32:13.579672+00:00
https://avalon.law.yale.edu/imt/jack03.asp,jackson,,ok,9449,0,0,NONE,POSSIBLE_TRUNCATION,2026-03-07T17:32:15.337970+00:00
https://avalon.law.yale.edu/imt/jack04.asp,jackson,,ok,23815,0,0,NONE,POSSIBLE_TRUNCATION,2026-03-07T17:32:17.126550+00:00
https://avalon.law.yale.edu/imt/jack05.asp,jackson,,ok,35245,0,0,NONE,POSSIBLE_TRUNCATION,2026-03-07T17:32:18.886000+00:00
https://avalon.law.yale.edu/imt/jack06.asp,jackson,,ok,11482,0,0,NONE,POSSIBLE_TRUNCATION,2026-03-07T17:32:20.737177+00:00
https://avalon.law.yale.edu/imt/jack07.asp,jackson,,ok,9169,0,0,NONE,POSSIBLE_TRUNCATION,2026-03-07T17:32:22.619499+00:00
https://avalon.law.yale.edu/imt/jack08.asp,jackson,,ok,43940,0,0,NONE,POSSIBLE_TRUNCATION,2026-03-07T17:32:24.445251+00:00
https://avalon.law.yale.edu/imt/jack09.asp,jackson,,ok,21589,0,0,NONE,POSSIBLE_TRUNCATION,2026-03-07T17:32:26.275531+00:00
https://avalon.law.yale.edu/imt/jack10.asp,jackson,,ok,13398,0,0,NONE,POSSIBLE_TRUNCATION,2026-03-07T17:32:28.094451+00:00
https://avalon.law.yale.edu/imt/jack11.asp,jackson,,ok,18929,0,0,NONE,POSSIBLE_TRUNCATION,2026-03-07T17:32:29.886248+00:00
https://avalon.law.yale.edu/imt/jack12.asp,jackson,,ok,11593,0,0,F1,POSSIBLE_TRUNCATION,2026-03-07T17:32:31.644023+00:00
https://avalon.law.yale.edu/imt/jack13.asp,jackson,,ok,47934,0,0,F1,POSSIBLE_TRUNCATION,2026-03-07T17:32:33.653240+00:00
https://avalon.law.yale.edu/imt/jack14.asp,jackson,,ok,13500,0,0,NONE,POSSIBLE_TRUNCATION,2026-03-07T17:32:35.394507+00:00
https://avalon.law.yale.edu/imt/jack15.asp,jackson,,ok,14487,0,0,NONE,POSSIBLE_TRUNCATION,2026-03-07T17:32:37.220949+00:00
https://avalon.law.yale.edu/imt/jack16.asp,jackson,,ok,19259,0,0,NONE,POSSIBLE_TRUNCATION,2026-03-07T17:32:38.980532+00:00
https://avalon.law.yale.edu/imt/jack17.asp,jackson,,ok,106955,0,0,NONE,POSSIBLE_TRUNCATION,2026-03-07T17:32:40.833029+00:00
https://avalon.law.yale.edu/imt/jack18.asp,jackson,,ok,30549,0,0,NONE,POSSIBLE_TRUNCATION,2026-03-07T17:32:42.582314+00:00
https://avalon.law.yale.edu/imt/jack19.asp,jackson,,ok,9423,0,0,NONE,POSSIBLE_TRUNCATION,2026-03-07T17:32:44.322763+00:00
https://avalon.law.yale.edu/imt/jack20.asp,jackson,,ok,46366,0,0,NONE,POSSIBLE_TRUNCATION,2026-03-07T17:32:46.086845+00:00
https://avalon.law.yale.edu/imt/jack21.asp,jackson,,ok,40635,0,0,NONE,POSSIBLE_TRUNCATION,2026-03-07T17:32:47.846141+00:00
https://avalon.law.yale.edu/imt/jack22.asp,jackson,,ok,32244,0,0,NONE,POSSIBLE_TRUNCATION,2026-03-07T17:32:49.582253+00:00
https://avalon.law.yale.edu/imt/jack23.asp,jackson,,ok,44534,0,0,F1,POSSIBLE_TRUNCATION,2026-03-07T17:32:51.442239+00:00
https://avalon.law.yale.edu/imt/jack24.asp,jackson,,ok,29956,0,0,NONE,POSSIBLE_TRUNCATION,2026-03-07T17:32:53.208869+00:00
https://avalon.law.yale.edu/imt/jack25.asp,jackson,,ok,26383,0,0,NONE,POSSIBLE_TRUNCATION,2026-03-07T17:32:54.962349+00:00
https://avalon.law.yale.edu/imt/jack26.asp,jackson,,ok,26390,0,0,NONE,POSSIBLE_TRUNCATION,2026-03-07T17:32:56.701881+00:00
https://avalon.law.yale.edu/imt/jack27.asp,jackson,,ok,97121,0,0,F1,POSSIBLE_TRUNCATION,2026-03-07T17:32:58.506319+00:00
https://avalon.law.yale.edu/imt/jack28.asp,jackson,,ok,8818,0,0,NONE,POSSIBLE_TRUNCATION,2026-03-07T17:33:00.211958+00:00
https://avalon.law.yale.edu/imt/jack29.asp,jackson,,ok,9868,0,0,NONE,POSSIBLE_TRUNCATION,2026-03-07T17:33:01.955444+00:00
https://avalon.law.yale.edu/imt/jack30.asp,jackson,,ok,40827,0,0,NONE,POSSIBLE_TRUNCATION,2026-03-07T17:33:03.733550+00:00
https://avalon.law.yale.edu/imt/jack31.asp,jackson,,ok,12444,0,0,NONE,POSSIBLE_TRUNCATION,2026-03-07T17:33:05.454273+00:00
https://avalon.law.yale.edu/imt/jack32.asp,jackson,,ok,56620,0,0,NONE,POSSIBLE_TRUNCATION,2026-03-07T17:33:07.212224+00:00
https://avalon.law.yale.edu/imt/jack33.asp,jackson,,ok,34924,0,0,NONE,POSSIBLE_TRUNCATION,2026-03-07T17:33:08.950197+00:00
https://avalon.law.yale.edu/imt/jack34.asp,jackson,,ok,10036,0,0,NONE,POSSIBLE_TRUNCATION,2026-03-07T17:33:10.683462+00:00
https://avalon.law.yale.edu/imt/jack35.asp,jackson,,ok,8339,0,0,NONE,POSSIBLE_TRUNCATION,2026-03-07T17:33:12.428528+00:00
https://avalon.law.yale.edu/imt/jack36.asp,jackson,,ok,8571,0,0,NONE,POSSIBLE_TRUNCATION,2026-03-07T17:33:14.161840+00:00
https://avalon.law.yale.edu/imt/jack37.asp,jackson,,ok,50188,0,0,NONE,POSSIBLE_TRUNCATION,2026-03-07T17:33:15.928501+00:00
https://avalon.law.yale.edu/imt/jack38.asp,jackson,,ok,11267,0,0,NONE,POSSIBLE_TRUNCATION,2026-03-07T17:33:17.660127+00:00
https://avalon.law.yale.edu/imt/jack39.asp,jackson,,ok,8526,0,0,F1,POSSIBLE_TRUNCATION,2026-03-07T17:33:19.388675+00:00
https://avalon.law.yale.edu/imt/jack40.asp,jackson,,ok,9293,0,0,F1,POSSIBLE_TRUNCATION,2026-03-07T17:33:21.144556+00:00
https://avalon.law.yale.edu/imt/jack41.asp,jackson,,ok,8140,0,0,NONE,POSSIBLE_TRUNCATION,2026-03-07T17:33:22.884216+00:00
https://avalon.law.yale.edu/imt/jack42.asp,jackson,,ok,39703,0,0,NONE,POSSIBLE_TRUNCATION,2026-03-07T17:33:24.624044+00:00
https://avalon.law.yale.edu/imt/jack43.asp,jackson,,ok,8546,0,0,NONE,POSSIBLE_TRUNCATION,2026-03-07T17:33:27.191055+00:00
https://avalon.law.yale.edu/imt/jack44.asp,jackson,,ok,61860,0,0,F1,POSSIBLE_TRUNCATION,2026-03-07T17:33:29.840126+00:00
https://avalon.law.yale.edu/imt/jack45.asp,jackson,,ok,30072,0,0,NONE,POSSIBLE_TRUNCATION,2026-03-07T17:33:31.871830+00:00
https://avalon.law.yale.edu/imt/jack46.asp,jackson,,ok,9120,0,0,NONE,POSSIBLE_TRUNCATION,2026-03-07T17:33:33.596999+00:00
https://avalon.law.yale.edu/imt/jack47.asp,jackson,,ok,42880,0,0,NONE,POSSIBLE_TRUNCATION,2026-03-07T17:33:35.363563+00:00
https://avalon.law.yale.edu/imt/jack48.asp,jackson,,ok,8631,0,0,NONE,POSSIBLE_TRUNCATION,2026-03-07T17:33:37.082142+00:00
https://avalon.law.yale.edu/imt/jack49.asp,jackson,,ok,9029,0,0,NONE,POSSIBLE_TRUNCATION,2026-03-07T17:33:38.826264+00:00
https://avalon.law.yale.edu/imt/jack50.asp,jackson,,ok,8137,0,0,NONE,POSSIBLE_TRUNCATION,2026-03-07T17:33:40.564426+00:00
https://avalon.law.yale.edu/imt/jack51.asp,jackson,,ok,47305,0,0,NONE,POSSIBLE_TRUNCATION,2026-03-07T17:33:42.312847+00:00
https://avalon.law.yale.edu/imt/jack52.asp,jackson,,ok,10169,0,0,NONE,POSSIBLE_TRUNCATION,2026-03-07T17:33:44.048052+00:00
https://avalon.law.yale.edu/imt/jack53.asp,jackson,,ok,9463,0,0,NONE,POSSIBLE_TRUNCATION,2026-03-07T17:33:45.791482+00:00
https://avalon.law.yale.edu/imt/jack54.asp,jackson,,ok,9069,0,0,NONE,POSSIBLE_TRUNCATION,2026-03-07T17:33:47.526809+00:00
https://avalon.law.yale.edu/imt/jack55.asp,jackson,,ok,9492,0,0,NONE,POSSIBLE_TRUNCATION,2026-03-07T17:33:49.266303+00:00
https://avalon.law.yale.edu/imt/jack56.asp,jackson,,ok,9617,0,0,NONE,POSSIBLE_TRUNCATION,2026-03-07T17:33:51.003322+00:00
https://avalon.law.yale.edu/imt/jack57.asp,jackson,,ok,11180,0,0,NONE,POSSIBLE_TRUNCATION,2026-03-07T17:33:52.749629+00:00
https://avalon.law.yale.edu/imt/jack58.asp,jackson,,ok,8598,0,0,NONE,POSSIBLE_TRUNCATION,2026-03-07T17:33:54.490779+00:00
https://avalon.law.yale.edu/imt/jack59.asp,jackson,,ok,64464,0,0,NONE,POSSIBLE_TRUNCATION,2026-03-07T17:33:56.263239+00:00
https://avalon.law.yale.edu/imt/jack60.asp,jackson,,ok,28661,0,0,F1,POSSIBLE_TRUNCATION,2026-03-07T17:33:57.993968+00:00
https://avalon.law.yale.edu/imt/jack61.asp,jackson,,ok,9440,0,0,NONE,POSSIBLE_TRUNCATION,2026-03-07T17:33:59.710352+00:00
https://avalon.law.yale.edu/imt/jack62.asp,jackson,,ok,9528,0,0,NONE,POSSIBLE_TRUNCATION,2026-03-07T17:34:01.453037+00:00
https://avalon.law.yale.edu/imt/jack63.asp,jackson,,ok,30970,0,0,F1,POSSIBLE_TRUNCATION,2026-03-07T17:34:03.221066+00:00
https://avalon.law.yale.edu/imt/jack64.asp,jackson,,ok,9114,0,0,NONE,POSSIBLE_TRUNCATION,2026-03-07T17:34:04.960527+00:00
https://avalon.law.yale.edu/imt/order4.asp,pohl,,ok,10366,0,0,F1,POSSIBLE_TRUNCATION,2026-03-07T17:34:08.449952+00:00
https://avalon.law.yale.edu/imt/indict4.asp,pohl,,ok,26274,0,0,NONE,POSSIBLE_TRUNCATION,2026-03-07T17:34:10.205086+00:00
https://avalon.law.yale.edu/imt/arrain4.asp,pohl,,ok,8802,0,0,NONE,POSSIBLE_TRUNCATION,2026-03-07T17:34:11.929771+00:00
https://avalon.law.yale.edu/imt/open4.asp,pohl,,ok,222795,0,0,F1,POSSIBLE_TRUNCATION,2026-03-07T17:34:13.756623+00:00
https://avalon.law.yale.edu/imt/partiv-1.asp,pohl,,ok,9702,0,0,NONE,POSSIBLE_TRUNCATION,2026-03-07T17:34:15.450069+00:00
https://avalon.law.yale.edu/imt/d1451-4.asp,pohl,,ok,7131,0,0,F1,POSSIBLE_TRUNCATION,2026-03-07T17:34:17.181296+00:00
https://avalon.law.yale.edu/imt/nca_vol1_preface.asp,nca_v1,,ok,40269,0,0,NONE,,2026-03-07T17:34:20.676427+00:00
https://avalon.law.yale.edu/imt/chap_04.asp,nca_v1,,ok,76903,0,0,NONE,,2026-03-07T17:34:22.476055+00:00
https://avalon.law.yale.edu/imt/chap_05.asp,nca_v1,,ok,157249,0,0,NONE,,2026-03-07T17:34:24.236482+00:00
https://avalon.law.yale.edu/imt/chap_06.asp,nca_v1,,ok,24933,0,0,NONE,,2026-03-07T17:34:25.950613+00:00
https://avalon.law.yale.edu/imt/chap_07.asp,nca_v1,,ok,343303,0,0,NONE,,2026-03-07T17:34:28.077013+00:00
https://avalon.law.yale.edu/imt/chap_08.asp,nca_v1,,ok,52272,0,0,NONE,,2026-03-07T17:34:29.678149+00:00
https://avalon.law.yale.edu/imt/chap_09.asp,nca_v1,,ok,1168898,0,0,NONE,,2026-03-07T17:34:33.433667+00:00
https://avalon.law.yale.edu/imt/chap_10.asp,nca_v1,,ok,172556,0,0,NONE,,2026-03-07T17:34:35.085467+00:00
https://avalon.law.yale.edu/imt/chap_11.asp,nca_v1,,ok,63197,0,0,NONE,,2026-03-07T17:34:36.788821+00:00
https://avalon.law.yale.edu/imt/chap_12.asp,nca_v1,,ok,97176,0,0,NONE,,2026-03-07T17:34:38.783566+00:00
https://avalon.law.yale.edu/imt/chap_13.asp,nca_v1,,ok,164677,0,0,NONE,,2026-03-07T17:34:41.079253+00:00
https://avalon.law.yale.edu/imt/chap_14.asp,nca_v1,,ok,46524,0,0,NONE,,2026-03-07T17:34:42.777656+00:00
https://avalon.law.yale.edu/imt/chap15_part01.asp,nca_v2,,ok,63441,0,0,NONE,,2026-03-07T17:34:46.471980+00:00
https://avalon.law.yale.edu/imt/chap15_part02.asp,nca_v2,,ok,158813,0,0,NONE,,2026-03-07T17:34:48.731864+00:00
https://avalon.law.yale.edu/imt/chap15_part03.asp,nca_v2,,ok,96895,0,0,NONE,,2026-03-07T17:34:50.682442+00:00
https://avalon.law.yale.edu/imt/chap15_part04.asp,nca_v2,,ok,91251,0,0,NONE,,2026-03-07T17:34:52.652496+00:00
https://avalon.law.yale.edu/imt/chap15_part05.asp,nca_v2,,ok,181034,0,0,NONE,,2026-03-07T17:34:54.870416+00:00
https://avalon.law.yale.edu/imt/chap15_part06.asp,nca_v2,,ok,157036,0,0,NONE,,2026-03-07T17:34:57.277469+00:00
https://avalon.law.yale.edu/imt/chap15_part07.asp,nca_v2,,ok,237380,0,0,NONE,,2026-03-07T17:35:01.185592+00:00
https://avalon.law.yale.edu/imt/chap16_part01.asp,nca_v2,,ok,110922,0,0,NONE,,2026-03-07T17:35:03.345129+00:00
https://avalon.law.yale.edu/imt/chap16_part02.asp,nca_v2,,ok,50356,0,0,NONE,,2026-03-07T17:35:05.056491+00:00
https://avalon.law.yale.edu/imt/chap16_part03.asp,nca_v2,,ok,84357,0,0,NONE,,2026-03-07T17:35:06.828938+00:00
https://avalon.law.yale.edu/imt/chap16_part04.asp,nca_v2,,ok,76192,0,0,NONE,,2026-03-07T17:35:08.575054+00:00
https://avalon.law.yale.edu/imt/chap16_part05.asp,nca_v2,,ok,22530,0,0,NONE,,2026-03-07T17:35:10.276593+00:00
https://avalon.law.yale.edu/imt/chap16_part06.asp,nca_v2,,ok,38589,0,0,NONE,,2026-03-07T17:35:12.034080+00:00
https://avalon.law.yale.edu/imt/chap16_part07.asp,nca_v2,,ok,71264,0,0,NONE,,2026-03-07T17:35:13.818430+00:00
https://avalon.law.yale.edu/imt/chap16_part08.asp,nca_v2,,ok,69547,0,0,NONE,,2026-03-07T17:35:15.578955+00:00
https://avalon.law.yale.edu/imt/chap16_part09.asp,nca_v2,,ok,81290,0,0,NONE,,2026-03-07T17:35:17.538748+00:00
https://avalon.law.yale.edu/imt/chap16_part10.asp,nca_v2,,ok,61973,0,0,NONE,,2026-03-07T17:35:19.269413+00:00
https://avalon.law.yale.edu/imt/chap16_part11.asp,nca_v2,,ok,60408,0,0,NONE,,2026-03-07T17:35:20.997345+00:00
https://avalon.law.yale.edu/imt/chap16_part12.asp,nca_v2,,ok,85960,0,0,NONE,,2026-03-07T17:35:22.776746+00:00
https://avalon.law.yale.edu/imt/chap16_part13.asp,nca_v2,,ok,94009,0,0,NONE,,2026-03-07T17:35:24.542822+00:00
https://avalon.law.yale.edu/imt/chap16_part14.asp,nca_v2,,ok,83065,0,0,NONE,,2026-03-07T17:35:26.285918+00:00
https://avalon.law.yale.edu/imt/chap16_part15.asp,nca_v2,,ok,66922,0,0,NONE,,2026-03-07T17:35:28.055248+00:00
https://avalon.law.yale.edu/imt/chap16_part16.asp,nca_v2,,ok,47425,0,0,NONE,,2026-03-07T17:35:29.792488+00:00
https://avalon.law.yale.edu/imt/001-ps.asp,nca_v3,,ok,8653,0,0,NONE,POSSIBLE_TRUNCATION,2026-03-07T17:35:33.277525+00:00
https://avalon.law.yale.edu/imt/002-ps.asp,nca_v3,,ok,18824,0,0,NONE,POSSIBLE_TRUNCATION,2026-03-07T17:35:35.045158+00:00
https://avalon.law.yale.edu/imt/003-ps.asp,nca_v3,,ok,31127,0,0,NONE,POSSIBLE_TRUNCATION,2026-03-07T17:35:36.787028+00:00
https://avalon.law.yale.edu/imt/004-ps.asp,nca_v3,,ok,27162,0,0,NONE,POSSIBLE_TRUNCATION,2026-03-07T17:35:38.532920+00:00
https://avalon.law.yale.edu/imt/007-ps.asp,nca_v3,,ok,40317,0,0,NONE,POSSIBLE_TRUNCATION,2026-03-07T17:35:40.361669+00:00
https://avalon.law.yale.edu/imt/007-ps.asp#annex1,nca_v3,,ok,40317,0,0,NONE,POSSIBLE_TRUNCATION,2026-03-07T17:35:42.107871+00:00
https://avalon.law.yale.edu/imt/007-ps.asp#annex2,nca_v3,,ok,40317,0,0,NONE,POSSIBLE_TRUNCATION,2026-03-07T17:35:43.847010+00:00
https://avalon.law.yale.edu/imt/014-ps.asp,nca_v3,,ok,10652,0,0,NONE,POSSIBLE_TRUNCATION,2026-03-07T17:35:45.579349+00:00
https://avalon.law.yale.edu/imt/015-ps.asp,nca_v3,,ok,18341,0,0,NONE,POSSIBLE_TRUNCATION,2026-03-07T17:35:47.338179+00:00
https://avalon.law.yale.edu/imt/015-ps.asp#inter,nca_v3,,ok,18341,0,0,NONE,POSSIBLE_TRUNCATION,2026-03-07T17:35:49.093087+00:00
https://avalon.law.yale.edu/imt/016-PS.asp,nca_v3,,ok,40422,0,0,NONE,POSSIBLE_TRUNCATION,2026-03-07T17:35:50.867341+00:00
https://avalon.law.yale.edu/imt/017-ps.asp,nca_v3,,ok,9919,0,0,NONE,POSSIBLE_TRUNCATION,2026-03-07T17:35:52.608000+00:00
https://avalon.law.yale.edu/imt/018-ps.asp,nca_v3,,ok,17393,0,0,NONE,POSSIBLE_TRUNCATION,2026-03-07T17:35:54.363207+00:00
https://avalon.law.yale.edu/imt/019-ps.asp,nca_v3,,ok,9873,0,0,NONE,POSSIBLE_TRUNCATION,2026-03-07T17:35:56.115858+00:00
https://avalon.law.yale.edu/imt/025-ps.asp,nca_v3,,ok,18686,0,0,NONE,POSSIBLE_TRUNCATION,2026-03-07T17:35:57.869661+00:00
https://avalon.law.yale.edu/imt/031-ps.asp,nca_v3,,ok,15348,0,0,NONE,POSSIBLE_TRUNCATION,2026-03-07T17:35:59.618520+00:00
https://avalon.law.yale.edu/imt/047-ps.asp,nca_v3,,ok,8153,0,0,NONE,POSSIBLE_TRUNCATION,2026-03-07T17:36:01.367913+00:00
https://avalon.law.yale.edu/imt/053-ps.asp,nca_v3,,ok,23525,0,0,NONE,,2026-03-07T17:36:03.124600+00:00
https://avalon.law.yale.edu/imt/054-ps.asp,nca_v3,,ok,29940,0,0,NONE,,2026-03-07T17:36:04.894783+00:00
https://avalon.law.yale.edu/imt/057-ps.asp,nca_v3,,ok,8575,0,0,NONE,,2026-03-07T17:36:06.634666+00:00
https://avalon.law.yale.edu/imt/058-ps.asp,nca_v3,,ok,10103,0,0,NONE,,2026-03-07T17:36:08.400850+00:00
https://avalon.law.yale.edu/imt/061-ps.asp,nca_v3,,ok,11732,0,0,NONE,POSSIBLE_TRUNCATION,2026-03-07T17:36:10.164808+00:00
https://avalon.law.yale.edu/imt/062-ps.asp,nca_v3,,ok,10763,0,0,NONE,POSSIBLE_TRUNCATION,2026-03-07T17:36:11.916386+00:00
https://avalon.law.yale.edu/imt/064-ps.asp,nca_v3,,ok,14115,0,0,NONE,POSSIBLE_TRUNCATION,2026-03-07T17:36:13.752041+00:00
https://avalon.law.yale.edu/imt/066-ps.asp,nca_v3,,ok,12276,0,0,NONE,POSSIBLE_TRUNCATION,2026-03-07T17:36:15.503279+00:00
https://avalon.law.yale.edu/imt/068-ps.asp,nca_v3,,ok,10326,0,0,NONE,POSSIBLE_TRUNCATION,2026-03-07T17:36:17.239689+00:00
https://avalon.law.yale.edu/imt/069-ps.asp,nca_v3,,ok,12142,0,0,NONE,POSSIBLE_TRUNCATION,2026-03-07T17:36:18.988323+00:00
https://avalon.law.yale.edu/imt/070-ps.asp,nca_v3,,ok,8668,0,0,NONE,POSSIBLE_TRUNCATION,2026-03-07T17:36:20.723003+00:00
https://avalon.law.yale.edu/imt/071-ps.asp,nca_v3,,ok,14379,0,0,NONE,POSSIBLE_TRUNCATION,2026-03-07T17:36:22.496658+00:00
https://avalon.law.yale.edu/imt/072-ps.asp,nca_v3,,ok,9428,0,0,NONE,POSSIBLE_TRUNCATION,2026-03-07T17:36:24.248643+00:00
https://avalon.law.yale.edu/imt/078-ps.asp,nca_v3,,ok,15140,0,0,NONE,POSSIBLE_TRUNCATION,2026-03-07T17:36:26.098103+00:00
https://avalon.law.yale.edu/imt/1409-ps.asp,nca_v4,,ok,18014,0,0,NONE,POSSIBLE_TRUNCATION,2026-03-07T17:36:29.615406+00:00
https://avalon.law.yale.edu/imt/1412-ps.asp,nca_v4,,ok,8044,0,0,NONE,POSSIBLE_TRUNCATION,2026-03-07T17:36:31.390200+00:00
https://avalon.law.yale.edu/imt/1415-ps.asp,nca_v4,,ok,8356,0,0,NONE,POSSIBLE_TRUNCATION,2026-03-07T17:36:33.140858+00:00
https://avalon.law.yale.edu/imt/1416-ps.asp,nca_v4,,ok,8407,0,0,NONE,POSSIBLE_TRUNCATION,2026-03-07T17:36:34.883083+00:00
https://avalon.law.yale.edu/imt/1417-ps.asp,nca_v4,,ok,11545,0,0,NONE,POSSIBLE_TRUNCATION,2026-03-07T17:36:36.630331+00:00
https://avalon.law.yale.edu/imt/1419-ps.asp,nca_v4,,ok,16216,0,0,NONE,POSSIBLE_TRUNCATION,2026-03-07T17:36:38.404712+00:00
https://avalon.law.yale.edu/imt/1422-PS.asp,nca_v4,,ok,9102,0,0,NONE,POSSIBLE_TRUNCATION,2026-03-07T17:36:40.159100+00:00
https://avalon.law.yale.edu/imt/1430-ps.asp,nca_v4,,ok,9177,0,0,NONE,POSSIBLE_TRUNCATION,2026-03-07T17:36:41.900758+00:00
https://avalon.law.yale.edu/imt/1435-ps.asp,nca_v4,,ok,7803,0,0,NONE,POSSIBLE_TRUNCATION,2026-03-07T17:36:43.745675+00:00
https://avalon.law.yale.edu/imt/1437-ps.asp,nca_v4,,ok,8031,0,0,NONE,POSSIBLE_TRUNCATION,2026-03-07T17:36:45.393905+00:00
https://avalon.law.yale.edu/imt/1438-ps.asp,nca_v4,,ok,8201,0,0,NONE,POSSIBLE_TRUNCATION,2026-03-07T17:36:47.156121+00:00
https://avalon.law.yale.edu/imt/1439-ps.asp,nca_v4,,ok,10441,0,0,NONE,POSSIBLE_TRUNCATION,2026-03-07T17:36:48.953659+00:00
https://avalon.law.yale.edu/imt/1445-ps.asp,nca_v4,,ok,9831,0,0,NONE,POSSIBLE_TRUNCATION,2026-03-07T17:36:50.752145+00:00
https://avalon.law.yale.edu/imt/1456-ps.asp,nca_v4,,ok,8839,0,0,NONE,POSSIBLE_TRUNCATION,2026-03-07T17:36:52.454125+00:00
https://avalon.law.yale.edu/imt/1458-ps.asp,nca_v4,,ok,63665,0,0,NONE,POSSIBLE_TRUNCATION,2026-03-07T17:36:54.234258+00:00
https://avalon.law.yale.edu/imt/1462-ps.asp,nca_v4,,ok,9837,0,0,NONE,POSSIBLE_TRUNCATION,2026-03-07T17:36:55.959331+00:00
https://avalon.law.yale.edu/imt/1463-ps.asp,nca_v4,,ok,16971,0,0,NONE,POSSIBLE_TRUNCATION,2026-03-07T17:36:57.712071+00:00
https://avalon.law.yale.edu/imt/1472-ps.asp,nca_v4,,ok,8869,0,0,NONE,POSSIBLE_TRUNCATION,2026-03-07T17:36:59.451960+00:00
https://avalon.law.yale.edu/imt/1481-ps.asp,nca_v4,,ok,9674,0,0,NONE,POSSIBLE_TRUNCATION,2026-03-07T17:37:01.222488+00:00
https://avalon.law.yale.edu/imt/1482-ps.asp,nca_v4,,ok,8774,0,0,NONE,POSSIBLE_TRUNCATION,2026-03-07T17:37:02.985772+00:00
https://avalon.law.yale.edu/imt/1498-ps.asp,nca_v4,,ok,8537,0,0,NONE,POSSIBLE_TRUNCATION,2026-03-07T17:37:04.794556+00:00
https://avalon.law.yale.edu/imt/1514-ps.asp,nca_v4,,ok,12256,0,0,NONE,POSSIBLE_TRUNCATION,2026-03-07T17:37:06.467211+00:00
https://avalon.law.yale.edu/imt/1517-ps.asp,nca_v4,,ok,13844,0,0,NONE,POSSIBLE_TRUNCATION,2026-03-07T17:37:08.252649+00:00
https://avalon.law.yale.edu/imt/1519-ps.asp,nca_v4,,ok,23097,0,0,NONE,POSSIBLE_TRUNCATION,2026-03-07T17:37:10.093745+00:00
https://avalon.law.yale.edu/imt/1520-ps.asp,nca_v4,,ok,33208,0,0,NONE,POSSIBLE_TRUNCATION,2026-03-07T17:37:11.837859+00:00
https://avalon.law.yale.edu/imt/1521-ps.asp,nca_v4,,ok,14746,0,0,NONE,POSSIBLE_TRUNCATION,2026-03-07T17:37:13.631276+00:00
https://avalon.law.yale.edu/imt/1526-ps.asp,nca_v4,,ok,40843,0,0,NONE,POSSIBLE_TRUNCATION,2026-03-07T17:37:15.465792+00:00
https://avalon.law.yale.edu/imt/1531-ps.asp,nca_v4,,ok,11658,0,0,NONE,POSSIBLE_TRUNCATION,2026-03-07T17:37:17.193300+00:00
https://avalon.law.yale.edu/imt/1534-ps.asp,nca_v4,,ok,8006,0,0,NONE,POSSIBLE_TRUNCATION,2026-03-07T17:37:18.918715+00:00
https://avalon.law.yale.edu/imt/1536-ps.asp,nca_v4,,ok,14336,0,0,NONE,POSSIBLE_TRUNCATION,2026-03-07T17:37:20.674485+00:00
https://avalon.law.yale.edu/imt/1538-ps.asp,nca_v4,,ok,8838,0,0,NONE,POSSIBLE_TRUNCATION,2026-03-07T17:37:22.411696+00:00
https://avalon.law.yale.edu/imt/1541-ps.asp,nca_v4,,ok,11835,0,0,NONE,POSSIBLE_TRUNCATION,2026-03-07T17:37:24.182614+00:00
https://avalon.law.yale.edu/imt/1544-ps.asp,nca_v4,,ok,9761,0,0,NONE,POSSIBLE_TRUNCATION,2026-03-07T17:37:25.912203+00:00
https://avalon.law.yale.edu/imt/1546-ps.asp,nca_v4,,ok,13045,0,0,NONE,POSSIBLE_TRUNCATION,2026-03-07T17:37:27.825828+00:00
https://avalon.law.yale.edu/imt/1551-ps.asp,nca_v4,,ok,14391,0,0,NONE,POSSIBLE_TRUNCATION,2026-03-07T17:37:29.579763+00:00
https://avalon.law.yale.edu/imt/1556-ps.asp,nca_v4,,ok,10193,0,0,NONE,POSSIBLE_TRUNCATION,2026-03-07T17:37:31.348917+00:00
https://avalon.law.yale.edu/imt/1573-ps.asp,nca_v4,,ok,10711,0,0,NONE,POSSIBLE_TRUNCATION,2026-03-07T17:37:33.097352+00:00
https://avalon.law.yale.edu/imt/1574-ps.asp,nca_v4,,ok,8277,0,0,NONE,POSSIBLE_TRUNCATION,2026-03-07T17:37:34.821466+00:00
https://avalon.law.yale.edu/imt/1582-ps.asp,nca_v4,,ok,7850,0,0,NONE,POSSIBLE_TRUNCATION,2026-03-07T17:37:36.572698+00:00
https://avalon.law.yale.edu/imt/1583-ps.asp,nca_v4,,ok,10891,0,0,NONE,POSSIBLE_TRUNCATION,2026-03-07T17:37:38.366305+00:00
https://avalon.law.yale.edu/imt/1584-I-ps.asp,nca_v4,,ok,8758,0,0,NONE,POSSIBLE_TRUNCATION,2026-03-07T17:37:40.114501+00:00
https://avalon.law.yale.edu/imt/1584-III-ps.asp,nca_v4,,ok,20645,0,0,NONE,POSSIBLE_TRUNCATION,2026-03-07T17:37:41.903001+00:00
https://avalon.law.yale.edu/imt/1590-ps.asp,nca_v4,,ok,8077,0,0,NONE,POSSIBLE_TRUNCATION,2026-03-07T17:37:43.646385+00:00
https://avalon.law.yale.edu/imt/1600-ps.asp,nca_v4,,ok,15997,0,0,NONE,POSSIBLE_TRUNCATION,2026-03-07T17:37:45.452136+00:00
https://avalon.law.yale.edu/imt/1602-ps.asp,nca_v4,,ok,8884,0,0,NONE,POSSIBLE_TRUNCATION,2026-03-07T17:37:47.489756+00:00
https://avalon.law.yale.edu/imt/1616-ps.asp,nca_v4,,ok,9079,0,0,NONE,POSSIBLE_TRUNCATION,2026-03-07T17:37:49.287608+00:00
https://avalon.law.yale.edu/imt/1617-ps.asp,nca_v4,,ok,11082,0,0,NONE,POSSIBLE_TRUNCATION,2026-03-07T17:37:51.036061+00:00
https://avalon.law.yale.edu/imt/1618-ps.asp,nca_v4,,ok,9783,0,0,NONE,POSSIBLE_TRUNCATION,2026-03-07T17:37:52.855673+00:00
https://avalon.law.yale.edu/imt/1621-ps.asp,nca_v4,,ok,9665,0,0,NONE,POSSIBLE_TRUNCATION,2026-03-07T17:37:54.733219+00:00
https://avalon.law.yale.edu/imt/1637-ps.asp,nca_v4,,ok,15030,0,0,NONE,POSSIBLE_TRUNCATION,2026-03-07T17:37:56.480316+00:00
https://avalon.law.yale.edu/imt/1638-ps.asp,nca_v4,,ok,8937,0,0,NONE,POSSIBLE_TRUNCATION,2026-03-07T17:37:58.326153+00:00
https://avalon.law.yale.edu/imt/1639-A-ps.asp,nca_v4,,ok,31504,0,0,NONE,POSSIBLE_TRUNCATION,2026-03-07T17:38:00.136209+00:00
https://avalon.law.yale.edu/imt/1642-ps.asp,nca_v4,,ok,9107,0,0,NONE,POSSIBLE_TRUNCATION,2026-03-07T17:38:01.843451+00:00
https://avalon.law.yale.edu/imt/1643-ps.asp,nca_v4,,ok,13828,0,0,NONE,POSSIBLE_TRUNCATION,2026-03-07T17:38:03.575425+00:00
https://avalon.law.yale.edu/imt/1650-ps.asp,nca_v4,,ok,12382,0,0,NONE,POSSIBLE_TRUNCATION,2026-03-07T17:38:05.882415+00:00
https://avalon.law.yale.edu/imt/1652-ps.asp,nca_v4,,ok,10150,0,0,NONE,POSSIBLE_TRUNCATION,2026-03-07T17:38:07.193117+00:00
https://avalon.law.yale.edu/imt/1653-ps.asp,nca_v4,,ok,8803,0,0,NONE,POSSIBLE_TRUNCATION,2026-03-07T17:38:08.985480+00:00
https://avalon.law.yale.edu/imt/1654-ps.asp,nca_v4,,ok,22008,0,0,NONE,POSSIBLE_TRUNCATION,2026-03-07T17:38:10.703741+00:00
https://avalon.law.yale.edu/imt/1659-ps.asp,nca_v4,,ok,8566,0,0,NONE,POSSIBLE_TRUNCATION,2026-03-07T17:38:12.442258+00:00
https://avalon.law.yale.edu/imt/1660-ps.asp,nca_v4,,ok,9260,0,0,NONE,POSSIBLE_TRUNCATION,2026-03-07T17:38:14.206628+00:00
https://avalon.law.yale.edu/imt/1662-ps.asp,nca_v4,,ok,8989,0,0,NONE,POSSIBLE_TRUNCATION,2026-03-07T17:38:15.989443+00:00
https://avalon.law.yale.edu/imt/1665-ps.asp,nca_v4,,ok,27326,0,0,NONE,POSSIBLE_TRUNCATION,2026-03-07T17:38:17.759540+00:00
https://avalon.law.yale.edu/imt/1666-ps.asp,nca_v4,,ok,10307,0,0,NONE,POSSIBLE_TRUNCATION,2026-03-07T17:38:19.490201+00:00
https://avalon.law.yale.edu/imt/1669-ps.asp,nca_v4,,ok,9438,0,0,NONE,POSSIBLE_TRUNCATION,2026-03-07T17:38:21.243334+00:00
https://avalon.law.yale.edu/imt/1674-ps.asp,nca_v4,,ok,10212,0,0,NONE,POSSIBLE_TRUNCATION,2026-03-07T17:38:23.024288+00:00
https://avalon.law.yale.edu/imt/1676-ps.asp,nca_v4,,ok,15195,0,0,NONE,POSSIBLE_TRUNCATION,2026-03-07T17:38:24.768100+00:00
https://avalon.law.yale.edu/imt/1678-ps.asp,nca_v4,,ok,10587,0,0,NONE,POSSIBLE_TRUNCATION,2026-03-07T17:38:26.502628+00:00
https://avalon.law.yale.edu/imt/1680-ps.asp,nca_v4,,ok,25263,0,0,NONE,POSSIBLE_TRUNCATION,2026-03-07T17:38:28.254274+00:00
https://avalon.law.yale.edu/imt/1689-ps.asp,nca_v4,,ok,9962,0,0,NONE,POSSIBLE_TRUNCATION,2026-03-07T17:38:30.002938+00:00
https://avalon.law.yale.edu/imt/1696-ps.asp,nca_v4,,ok,16529,0,0,NONE,POSSIBLE_TRUNCATION,2026-03-07T17:38:31.739203+00:00
https://avalon.law.yale.edu/imt/1701-ps.asp,nca_v4,,ok,10882,0,0,NONE,POSSIBLE_TRUNCATION,2026-03-07T17:38:33.495047+00:00
https://avalon.law.yale.edu/imt/1702-ps.asp,nca_v4,,ok,13195,0,0,NONE,POSSIBLE_TRUNCATION,2026-03-07T17:38:35.260744+00:00
https://avalon.law.yale.edu/imt/1708-ps.asp,nca_v4,,ok,15110,0,0,NONE,POSSIBLE_TRUNCATION,2026-03-07T17:38:37.024724+00:00
https://avalon.law.yale.edu/imt/1709-ps.asp,nca_v4,,ok,12634,0,0,NONE,POSSIBLE_TRUNCATION,2026-03-07T17:38:38.775956+00:00
https://avalon.law.yale.edu/imt/1721-ps.asp,nca_v4,,ok,15851,0,0,NONE,POSSIBLE_TRUNCATION,2026-03-07T17:38:40.507820+00:00
https://avalon.law.yale.edu/imt/1723-ps.asp,nca_v4,,ok,18126,0,0,NONE,POSSIBLE_TRUNCATION,2026-03-07T17:38:42.244750+00:00
https://avalon.law.yale.edu/imt/1724-ps.asp,nca_v4,,ok,7615,0,0,NONE,POSSIBLE_TRUNCATION,2026-03-07T17:38:44.001350+00:00
https://avalon.law.yale.edu/imt/1725-ps.asp,nca_v4,,ok,11279,0,0,NONE,POSSIBLE_TRUNCATION,2026-03-07T17:38:45.753169+00:00
https://avalon.law.yale.edu/imt/1726-ps.asp,nca_v4,,ok,9908,0,0,NONE,POSSIBLE_TRUNCATION,2026-03-07T17:38:47.487358+00:00
https://avalon.law.yale.edu/imt/1741-ps.asp,nca_v4,,ok,82791,0,0,NONE,POSSIBLE_TRUNCATION,2026-03-07T17:38:49.617308+00:00
https://avalon.law.yale.edu/imt/1742-ps.asp,nca_v4,,ok,9370,0,0,NONE,POSSIBLE_TRUNCATION,2026-03-07T17:38:51.361013+00:00
https://avalon.law.yale.edu/imt/1743-ps.asp,nca_v4,,ok,26152,0,0,NONE,POSSIBLE_TRUNCATION,2026-03-07T17:38:53.143348+00:00
https://avalon.law.yale.edu/imt/1746-ps.asp,nca_v4,,ok,24267,0,0,NONE,POSSIBLE_TRUNCATION,2026-03-07T17:38:54.882697+00:00
https://avalon.law.yale.edu/imt/1751-ps.asp,nca_v4,,ok,8304,0,0,NONE,POSSIBLE_TRUNCATION,2026-03-07T17:38:56.620931+00:00
https://avalon.law.yale.edu/imt/1752-ps.asp,nca_v4,,ok,14317,0,0,NONE,POSSIBLE_TRUNCATION,2026-03-07T17:38:58.371695+00:00
https://avalon.law.yale.edu/imt/1757-ps.asp,nca_v4,,ok,20019,0,0,NONE,POSSIBLE_TRUNCATION,2026-03-07T17:39:00.110848+00:00
https://avalon.law.yale.edu/imt/1759-ps.asp,nca_v4,,ok,54548,0,0,NONE,POSSIBLE_TRUNCATION,2026-03-07T17:39:01.995185+00:00
https://avalon.law.yale.edu/imt/1760-ps.asp,nca_v4,,ok,63085,0,0,NONE,POSSIBLE_TRUNCATION,2026-03-07T17:39:03.761048+00:00
https://avalon.law.yale.edu/imt/1765-ps.asp,nca_v4,,ok,47245,0,0,NONE,POSSIBLE_TRUNCATION,2026-03-07T17:39:05.617936+00:00
https://avalon.law.yale.edu/imt/1770-ps.asp,nca_v4,,ok,11670,0,0,NONE,POSSIBLE_TRUNCATION,2026-03-07T17:39:07.481880+00:00
https://avalon.law.yale.edu/imt/1773-ps.asp,nca_v4,,ok,15119,0,0,NONE,POSSIBLE_TRUNCATION,2026-03-07T17:39:09.266459+00:00
https://avalon.law.yale.edu/imt/1774-ps.asp,nca_v4,,ok,25423,0,0,NONE,POSSIBLE_TRUNCATION,2026-03-07T17:39:11.087969+00:00
https://avalon.law.yale.edu/imt/1775-ps.asp,nca_v4,,ok,9021,0,0,NONE,POSSIBLE_TRUNCATION,2026-03-07T17:39:12.903349+00:00
https://avalon.law.yale.edu/imt/1778-ps.asp,nca_v4,,ok,12361,0,0,NONE,POSSIBLE_TRUNCATION,2026-03-07T17:39:14.731918+00:00
https://avalon.law.yale.edu/imt/1780-ps.asp,nca_v4,,ok,27841,0,0,NONE,POSSIBLE_TRUNCATION,2026-03-07T17:39:16.456438+00:00
https://avalon.law.yale.edu/imt/1786-ps.asp,nca_v4,,ok,10514,0,0,NONE,POSSIBLE_TRUNCATION,2026-03-07T17:39:18.348538+00:00
https://avalon.law.yale.edu/imt/1796-ps.asp,nca_v4,,ok,15478,0,0,NONE,POSSIBLE_TRUNCATION,2026-03-07T17:39:20.165251+00:00
https://avalon.law.yale.edu/imt/1799-ps.asp,nca_v4,,ok,8416,0,0,NONE,POSSIBLE_TRUNCATION,2026-03-07T17:39:22.352762+00:00
https://avalon.law.yale.edu/imt/1800-ps.asp,nca_v4,,ok,11060,0,0,NONE,POSSIBLE_TRUNCATION,2026-03-07T17:39:24.100303+00:00
https://avalon.law.yale.edu/imt/1807-ps.asp,nca_v4,,ok,7537,0,0,NONE,POSSIBLE_TRUNCATION,2026-03-07T17:39:25.843729+00:00
https://avalon.law.yale.edu/imt/1808-ps.asp,nca_v4,,ok,8016,0,0,NONE,POSSIBLE_TRUNCATION,2026-03-07T17:39:27.582297+00:00
https://avalon.law.yale.edu/imt/1809-ps.asp,nca_v4,,ok,82920,0,0,NONE,POSSIBLE_TRUNCATION,2026-03-07T17:39:29.422820+00:00
https://avalon.law.yale.edu/imt/1814-ps.asp,nca_v4,,ok,14843,0,0,NONE,POSSIBLE_TRUNCATION,2026-03-07T17:39:31.090646+00:00
https://avalon.law.yale.edu/imt/1815-ps.asp,nca_v4,,ok,29983,0,0,NONE,POSSIBLE_TRUNCATION,2026-03-07T17:39:32.842007+00:00
https://avalon.law.yale.edu/imt/1816-ps.asp,nca_v4,,ok,86907,0,0,NONE,POSSIBLE_TRUNCATION,2026-03-07T17:39:34.614497+00:00
https://avalon.law.yale.edu/imt/1817-ps.asp,nca_v4,,ok,7952,0,0,NONE,POSSIBLE_TRUNCATION,2026-03-07T17:39:36.304678+00:00
https://avalon.law.yale.edu/imt/1818-ps.asp,nca_v4,,ok,10293,0,0,NONE,POSSIBLE_TRUNCATION,2026-03-07T17:39:38.050427+00:00
https://avalon.law.yale.edu/imt/1822-ps.asp,nca_v4,,ok,13191,0,0,NONE,POSSIBLE_TRUNCATION,2026-03-07T17:39:39.791812+00:00
https://avalon.law.yale.edu/imt/1823-ps.asp,nca_v4,,ok,9566,0,0,NONE,POSSIBLE_TRUNCATION,2026-03-07T17:39:41.553835+00:00
https://avalon.law.yale.edu/imt/1828-ps.asp,nca_v4,,ok,7605,0,0,NONE,POSSIBLE_TRUNCATION,2026-03-07T17:39:43.289571+00:00
https://avalon.law.yale.edu/imt/1831-ps.asp,nca_v4,,ok,18654,0,0,NONE,POSSIBLE_TRUNCATION,2026-03-07T17:39:45.041547+00:00
https://avalon.law.yale.edu/imt/1832-ps.asp,nca_v4,,ok,7987,0,0,NONE,POSSIBLE_TRUNCATION,2026-03-07T17:39:46.881003+00:00
https://avalon.law.yale.edu/imt/1834-ps.asp,nca_v4,,ok,23285,0,0,NONE,POSSIBLE_TRUNCATION,2026-03-07T17:39:48.835443+00:00
https://avalon.law.yale.edu/imt/1835-ps.asp,nca_v4,,ok,10733,0,0,NONE,POSSIBLE_TRUNCATION,2026-03-07T17:39:50.649189+00:00
https://avalon.law.yale.edu/imt/1842-ps.asp,nca_v4,,ok,10895,0,0,NONE,POSSIBLE_TRUNCATION,2026-03-07T17:39:52.460249+00:00
https://avalon.law.yale.edu/imt/1850-ps.asp,nca_v4,,ok,28979,0,0,NONE,POSSIBLE_TRUNCATION,2026-03-07T17:39:54.210342+00:00
https://avalon.law.yale.edu/imt/1851-ps.asp,nca_v4,,ok,12402,0,0,NONE,POSSIBLE_TRUNCATION,2026-03-07T17:39:56.046126+00:00
https://avalon.law.yale.edu/imt/1852-ps.asp,nca_v4,,ok,19935,0,0,NONE,POSSIBLE_TRUNCATION,2026-03-07T17:39:57.916083+00:00
https://avalon.law.yale.edu/imt/1855-ps.asp,nca_v4,,ok,7510,0,0,NONE,POSSIBLE_TRUNCATION,2026-03-07T17:39:59.808887+00:00
https://avalon.law.yale.edu/imt/1856-ps.asp,nca_v4,,ok,8088,0,0,NONE,POSSIBLE_TRUNCATION,2026-03-07T17:40:01.702599+00:00
https://avalon.law.yale.edu/imt/1857-ps.asp,nca_v4,,ok,7737,0,0,NONE,POSSIBLE_TRUNCATION,2026-03-07T17:40:03.580621+00:00
https://avalon.law.yale.edu/imt/1861-ps.asp,nca_v4,,ok,11714,0,0,NONE,POSSIBLE_TRUNCATION,2026-03-07T17:40:05.427837+00:00
https://avalon.law.yale.edu/imt/1862-ps.asp,nca_v4,,ok,8048,0,0,NONE,POSSIBLE_TRUNCATION,2026-03-07T17:40:07.125114+00:00
https://avalon.law.yale.edu/imt/1866-ps.asp,nca_v4,,ok,30420,0,0,NONE,POSSIBLE_TRUNCATION,2026-03-07T17:40:09.030927+00:00
https://avalon.law.yale.edu/imt/1871-ps.asp,nca_v4,,ok,32191,0,0,NONE,POSSIBLE_TRUNCATION,2026-03-07T17:40:10.856987+00:00
https://avalon.law.yale.edu/imt/1874-ps.asp,nca_v4,,ok,12022,0,0,NONE,POSSIBLE_TRUNCATION,2026-03-07T17:40:12.687166+00:00
https://avalon.law.yale.edu/imt/1877-ps.asp,nca_v4,,ok,14260,0,0,NONE,POSSIBLE_TRUNCATION,2026-03-07T17:40:14.453764+00:00
https://avalon.law.yale.edu/imt/1881-ps.asp,nca_v4,,ok,17472,0,0,NONE,POSSIBLE_TRUNCATION,2026-03-07T17:40:16.207725+00:00
https://avalon.law.yale.edu/imt/1882-ps.asp,nca_v4,,ok,10463,0,0,NONE,POSSIBLE_TRUNCATION,2026-03-07T17:40:17.954820+00:00
https://avalon.law.yale.edu/imt/1889-ps.asp,nca_v4,,ok,8636,0,0,NONE,POSSIBLE_TRUNCATION,2026-03-07T17:40:19.699050+00:00
https://avalon.law.yale.edu/imt/1893-ps.asp,nca_v4,,ok,43960,0,0,NONE,POSSIBLE_TRUNCATION,2026-03-07T17:40:21.486624+00:00
https://avalon.law.yale.edu/imt/1903-ps.asp,nca_v4,,ok,9100,0,0,NONE,POSSIBLE_TRUNCATION,2026-03-07T17:40:23.225216+00:00
https://avalon.law.yale.edu/imt/1913-ps.asp,nca_v4,,ok,22470,0,0,NONE,POSSIBLE_TRUNCATION,2026-03-07T17:40:24.987159+00:00
https://avalon.law.yale.edu/imt/1956-ps.asp,nca_v4,,ok,12415,0,0,NONE,POSSIBLE_TRUNCATION,2026-03-07T17:40:26.716492+00:00
https://avalon.law.yale.edu/imt/1961-ps.asp,nca_v4,,ok,8595,0,0,NONE,POSSIBLE_TRUNCATION,2026-03-07T17:40:28.461883+00:00
https://avalon.law.yale.edu/imt/1962-ps.asp,nca_v4,,ok,8656,0,0,NONE,POSSIBLE_TRUNCATION,2026-03-07T17:40:30.323406+00:00
https://avalon.law.yale.edu/imt/1964-ps.asp,nca_v4,,ok,7898,0,0,NONE,POSSIBLE_TRUNCATION,2026-03-07T17:40:32.207645+00:00
https://avalon.law.yale.edu/imt/1965-ps.asp,nca_v4,,ok,7436,0,0,NONE,POSSIBLE_TRUNCATION,2026-03-07T17:40:33.950468+00:00
https://avalon.law.yale.edu/imt/1969-ps.asp,nca_v4,,ok,9994,0,0,NONE,POSSIBLE_TRUNCATION,2026-03-07T17:40:35.698532+00:00
https://avalon.law.yale.edu/imt/1972-ps.asp,nca_v4,,ok,8331,0,0,NONE,POSSIBLE_TRUNCATION,2026-03-07T17:40:37.441411+00:00
https://avalon.law.yale.edu/imt/1991-ps.asp,nca_v4,,ok,8420,0,0,NONE,POSSIBLE_TRUNCATION,2026-03-07T17:40:39.200777+00:00
https://avalon.law.yale.edu/imt/1992-ps.asp,nca_v4,,ok,34160,0,0,NONE,POSSIBLE_TRUNCATION,2026-03-07T17:40:41.002550+00:00
https://avalon.law.yale.edu/imt/1992-A-ps.asp,nca_v4,,ok,55653,0,0,NONE,POSSIBLE_TRUNCATION,2026-03-07T17:40:42.755177+00:00
https://avalon.law.yale.edu/imt/1997-ps.asp,nca_v4,,ok,11976,0,0,NONE,POSSIBLE_TRUNCATION,2026-03-07T17:40:44.643780+00:00
https://avalon.law.yale.edu/imt/2000-ps.asp,nca_v4,,ok,9580,0,0,NONE,POSSIBLE_TRUNCATION,2026-03-07T17:40:46.368448+00:00
https://avalon.law.yale.edu/imt/2001-ps.asp,nca_v4,,ok,9205,0,0,NONE,POSSIBLE_TRUNCATION,2026-03-07T17:40:48.232511+00:00
https://avalon.law.yale.edu/imt/2003-ps.asp,nca_v4,,ok,8693,0,0,NONE,POSSIBLE_TRUNCATION,2026-03-07T17:40:50.130778+00:00
https://avalon.law.yale.edu/imt/2004-ps.asp,nca_v4,,ok,8121,0,0,NONE,POSSIBLE_TRUNCATION,2026-03-07T17:40:51.937853+00:00
https://avalon.law.yale.edu/imt/2005-ps.asp,nca_v4,,ok,9878,0,0,F3,POSSIBLE_TRUNCATION,2026-03-07T17:40:53.676759+00:00
https://avalon.law.yale.edu/imt/2006-ps.asp,nca_v4,,ok,8588,0,0,NONE,POSSIBLE_TRUNCATION,2026-03-07T17:40:55.518585+00:00
https://avalon.law.yale.edu/imt/2008-ps.asp,nca_v4,,ok,14369,0,0,NONE,POSSIBLE_TRUNCATION,2026-03-07T17:40:57.488760+00:00
https://avalon.law.yale.edu/imt/2012-ps.asp,nca_v4,,ok,9479,0,0,F3,POSSIBLE_TRUNCATION,2026-03-07T17:40:59.289311+00:00
https://avalon.law.yale.edu/imt/2014-ps.asp,nca_v4,,ok,9074,0,0,NONE,POSSIBLE_TRUNCATION,2026-03-07T17:41:01.419850+00:00
https://avalon.law.yale.edu/imt/2016-ps.asp,nca_v4,,ok,9011,0,0,NONE,POSSIBLE_TRUNCATION,2026-03-07T17:41:03.166098+00:00
https://avalon.law.yale.edu/imt/2018-ps.asp,nca_v4,,ok,8877,0,0,NONE,POSSIBLE_TRUNCATION,2026-03-07T17:41:04.930508+00:00
https://avalon.law.yale.edu/imt/2022-ps.asp,nca_v4,,ok,8992,0,0,NONE,POSSIBLE_TRUNCATION,2026-03-07T17:41:06.739946+00:00
https://avalon.law.yale.edu/imt/2029-ps.asp,nca_v4,,ok,8130,0,0,NONE,POSSIBLE_TRUNCATION,2026-03-07T17:41:08.576186+00:00
https://avalon.law.yale.edu/imt/2030-ps.asp,nca_v4,,ok,10776,0,0,NONE,POSSIBLE_TRUNCATION,2026-03-07T17:41:10.320597+00:00
https://avalon.law.yale.edu/imt/2031-ps.asp,nca_v4,,ok,8513,0,0,NONE,POSSIBLE_TRUNCATION,2026-03-07T17:41:12.092553+00:00
https://avalon.law.yale.edu/imt/2039-ps.asp,nca_v4,,ok,15619,0,0,NONE,POSSIBLE_TRUNCATION,2026-03-07T17:41:13.938546+00:00
https://avalon.law.yale.edu/imt/2047-ps.asp,nca_v4,,ok,7828,0,0,NONE,POSSIBLE_TRUNCATION,2026-03-07T17:41:15.985629+00:00
https://avalon.law.yale.edu/imt/2048-ps.asp,nca_v4,,ok,7889,0,0,NONE,POSSIBLE_TRUNCATION,2026-03-07T17:41:18.277253+00:00
https://avalon.law.yale.edu/imt/2049-ps.asp,nca_v4,,ok,8737,0,0,NONE,POSSIBLE_TRUNCATION,2026-03-07T17:41:20.113166+00:00
https://avalon.law.yale.edu/imt/2050-ps.asp,nca_v4,,ok,84813,0,0,NONE,POSSIBLE_TRUNCATION,2026-03-07T17:41:22.034227+00:00
https://avalon.law.yale.edu/imt/2056-ps.asp,nca_v4,,ok,9375,0,0,NONE,POSSIBLE_TRUNCATION,2026-03-07T17:41:23.732340+00:00
https://avalon.law.yale.edu/imt/2057-ps.asp,nca_v4,,ok,7665,0,0,NONE,POSSIBLE_TRUNCATION,2026-03-07T17:41:25.624630+00:00
https://avalon.law.yale.edu/imt/2058-ps.asp,nca_v4,,ok,11164,0,0,NONE,POSSIBLE_TRUNCATION,2026-03-07T17:41:27.370758+00:00
https://avalon.law.yale.edu/imt/2059-ps.asp,nca_v4,,ok,9596,0,0,NONE,POSSIBLE_TRUNCATION,2026-03-07T17:41:29.172881+00:00
https://avalon.law.yale.edu/imt/2061-ps.asp,nca_v4,,ok,8773,0,0,NONE,POSSIBLE_TRUNCATION,2026-03-07T17:41:31.001157+00:00
https://avalon.law.yale.edu/imt/2073-ps.asp,nca_v4,,ok,8627,0,0,NONE,POSSIBLE_TRUNCATION,2026-03-07T17:41:32.809610+00:00
https://avalon.law.yale.edu/imt/2075-ps.asp,nca_v4,,ok,8706,0,0,NONE,POSSIBLE_TRUNCATION,2026-03-07T17:41:34.617732+00:00
https://avalon.law.yale.edu/imt/2076-ps.asp,nca_v4,,ok,9753,0,0,NONE,POSSIBLE_TRUNCATION,2026-03-07T17:41:36.358189+00:00
https://avalon.law.yale.edu/imt/2078-ps.asp,nca_v4,,ok,8139,0,0,NONE,POSSIBLE_TRUNCATION,2026-03-07T17:41:38.093921+00:00
https://avalon.law.yale.edu/imt/2079-ps.asp,nca_v4,,ok,8188,0,0,NONE,POSSIBLE_TRUNCATION,2026-03-07T17:41:39.857594+00:00
https://avalon.law.yale.edu/imt/2082-ps.asp,nca_v4,,ok,9549,0,0,NONE,POSSIBLE_TRUNCATION,2026-03-07T17:41:41.594662+00:00
https://avalon.law.yale.edu/imt/2083-ps.asp,nca_v4,,ok,26296,0,0,NONE,POSSIBLE_TRUNCATION,2026-03-07T17:41:43.372432+00:00
https://avalon.law.yale.edu/imt/2084-ps.asp,nca_v4,,ok,8136,0,0,NONE,POSSIBLE_TRUNCATION,2026-03-07T17:41:45.086795+00:00
https://avalon.law.yale.edu/imt/2088-ps.asp,nca_v4,,ok,8594,0,0,NONE,POSSIBLE_TRUNCATION,2026-03-07T17:41:46.894872+00:00
https://avalon.law.yale.edu/imt/2089-ps.asp,nca_v4,,ok,7789,0,0,NONE,POSSIBLE_TRUNCATION,2026-03-07T17:41:48.789461+00:00
https://avalon.law.yale.edu/imt/2090-ps.asp,nca_v4,,ok,8028,0,0,NONE,POSSIBLE_TRUNCATION,2026-03-07T17:41:50.761393+00:00
https://avalon.law.yale.edu/imt/2091-ps.asp,nca_v4,,ok,8126,0,0,NONE,POSSIBLE_TRUNCATION,2026-03-07T17:41:52.653853+00:00
https://avalon.law.yale.edu/imt/2092-ps.asp,nca_v4,,ok,10384,0,0,NONE,POSSIBLE_TRUNCATION,2026-03-07T17:41:54.482485+00:00
https://avalon.law.yale.edu/imt/2093-ps.asp,nca_v4,,ok,7700,0,0,NONE,POSSIBLE_TRUNCATION,2026-03-07T17:41:56.285598+00:00
https://avalon.law.yale.edu/imt/2094-ps.asp,nca_v4,,ok,7685,0,0,NONE,POSSIBLE_TRUNCATION,2026-03-07T17:41:58.038014+00:00
https://avalon.law.yale.edu/imt/2095-ps.asp,nca_v4,,ok,8279,0,0,NONE,POSSIBLE_TRUNCATION,2026-03-07T17:41:59.809096+00:00
https://avalon.law.yale.edu/imt/2097-ps.asp,nca_v4,,ok,7711,0,0,NONE,POSSIBLE_TRUNCATION,2026-03-07T17:42:01.549694+00:00
https://avalon.law.yale.edu/imt/2098-ps.asp,nca_v4,,ok,7856,0,0,NONE,POSSIBLE_TRUNCATION,2026-03-07T17:42:03.329918+00:00
https://avalon.law.yale.edu/imt/2099-ps.asp,nca_v4,,ok,8324,0,0,NONE,POSSIBLE_TRUNCATION,2026-03-07T17:42:05.148558+00:00
https://avalon.law.yale.edu/imt/2100-ps.asp,nca_v4,,ok,9598,0,0,NONE,POSSIBLE_TRUNCATION,2026-03-07T17:42:06.987644+00:00
https://avalon.law.yale.edu/imt/2101-ps.asp,nca_v4,,ok,7615,0,0,NONE,POSSIBLE_TRUNCATION,2026-03-07T17:42:08.729607+00:00
https://avalon.law.yale.edu/imt/2102-ps.asp,nca_v4,,ok,11817,0,0,NONE,POSSIBLE_TRUNCATION,2026-03-07T17:42:10.575125+00:00
https://avalon.law.yale.edu/imt/2103-ps.asp,nca_v4,,ok,7712,0,0,NONE,POSSIBLE_TRUNCATION,2026-03-07T17:42:12.308840+00:00
https://avalon.law.yale.edu/imt/2104-ps.asp,nca_v4,,ok,9004,0,0,NONE,POSSIBLE_TRUNCATION,2026-03-07T17:42:14.057631+00:00
https://avalon.law.yale.edu/imt/2105-ps.asp,nca_v4,,ok,9111,0,0,NONE,POSSIBLE_TRUNCATION,2026-03-07T17:42:15.801096+00:00
https://avalon.law.yale.edu/imt/2107-ps.asp,nca_v4,,ok,7420,0,0,NONE,POSSIBLE_TRUNCATION,2026-03-07T17:42:17.541480+00:00
https://avalon.law.yale.edu/imt/2108-ps.asp,nca_v4,,ok,13147,0,0,NONE,POSSIBLE_TRUNCATION,2026-03-07T17:42:19.289221+00:00
https://avalon.law.yale.edu/imt/2111-ps.asp,nca_v4,,ok,13008,0,0,NONE,POSSIBLE_TRUNCATION,2026-03-07T17:42:21.044057+00:00
https://avalon.law.yale.edu/imt/2112-ps.asp,nca_v4,,ok,18793,0,0,NONE,POSSIBLE_TRUNCATION,2026-03-07T17:42:22.789297+00:00
https://avalon.law.yale.edu/imt/2113-ps.asp,nca_v4,,ok,12016,0,0,NONE,POSSIBLE_TRUNCATION,2026-03-07T17:42:24.543692+00:00
https://avalon.law.yale.edu/imt/2115-ps.asp,nca_v4,,ok,15650,0,0,NONE,POSSIBLE_TRUNCATION,2026-03-07T17:42:26.364396+00:00
https://avalon.law.yale.edu/imt/2118-ps.asp,nca_v4,,ok,9564,0,0,NONE,POSSIBLE_TRUNCATION,2026-03-07T17:42:28.085557+00:00
https://avalon.law.yale.edu/imt/2119-ps.asp,nca_v4,,ok,14916,0,0,NONE,POSSIBLE_TRUNCATION,2026-03-07T17:42:29.825953+00:00
https://avalon.law.yale.edu/imt/2120-ps.asp,nca_v4,,ok,8668,0,0,NONE,POSSIBLE_TRUNCATION,2026-03-07T17:42:31.570521+00:00
https://avalon.law.yale.edu/imt/2124-ps.asp,nca_v4,,ok,12323,0,0,NONE,POSSIBLE_TRUNCATION,2026-03-07T17:42:33.318104+00:00
https://avalon.law.yale.edu/imt/2149-ps.asp,nca_v4,,ok,10489,0,0,NONE,POSSIBLE_TRUNCATION,2026-03-07T17:42:35.063790+00:00
https://avalon.law.yale.edu/imt/2153-ps.asp,nca_v4,,ok,7676,0,0,NONE,POSSIBLE_TRUNCATION,2026-03-07T17:42:36.883427+00:00
https://avalon.law.yale.edu/imt/2154-ps.asp,nca_v4,,ok,10036,0,0,NONE,POSSIBLE_TRUNCATION,2026-03-07T17:42:38.634765+00:00
https://avalon.law.yale.edu/imt/2156-ps.asp,nca_v4,,ok,9202,0,0,NONE,POSSIBLE_TRUNCATION,2026-03-07T17:42:40.402040+00:00
https://avalon.law.yale.edu/imt/2163-ps.asp,nca_v4,,ok,21748,0,0,NONE,POSSIBLE_TRUNCATION,2026-03-07T17:42:42.164768+00:00
https://avalon.law.yale.edu/imt/2164-ps.asp,nca_v4,,ok,17394,0,0,NONE,POSSIBLE_TRUNCATION,2026-03-07T17:42:43.909284+00:00
https://avalon.law.yale.edu/imt/2168-ps.asp,nca_v4,,ok,75629,0,0,NONE,POSSIBLE_TRUNCATION,2026-03-07T17:42:45.672132+00:00
https://avalon.law.yale.edu/imt/2169-ps.asp,nca_v4,,ok,9209,0,0,NONE,POSSIBLE_TRUNCATION,2026-03-07T17:42:47.439020+00:00
https://avalon.law.yale.edu/imt/2171-ps.asp,nca_v4,,ok,78623,0,0,NONE,POSSIBLE_TRUNCATION,2026-03-07T17:42:49.275787+00:00
https://avalon.law.yale.edu/imt/2176-ps.asp,nca_v4,,ok,20647,0,0,NONE,POSSIBLE_TRUNCATION,2026-03-07T17:42:51.048578+00:00
https://avalon.law.yale.edu/imt/2187-ps.asp,nca_v4,,ok,7993,0,0,NONE,POSSIBLE_TRUNCATION,2026-03-07T17:42:52.814005+00:00
https://avalon.law.yale.edu/imt/2189-ps.asp,nca_v4,,ok,8346,0,0,NONE,POSSIBLE_TRUNCATION,2026-03-07T17:42:54.629816+00:00
https://avalon.law.yale.edu/imt/2194-ps.asp,nca_v4,,ok,23605,0,0,NONE,POSSIBLE_TRUNCATION,2026-03-07T17:42:56.464703+00:00
https://avalon.law.yale.edu/imt/2195-ps.asp,nca_v4,,ok,9045,0,0,NONE,POSSIBLE_TRUNCATION,2026-03-07T17:42:58.185915+00:00
https://avalon.law.yale.edu/imt/2199-ps.asp,nca_v4,,ok,9649,0,0,NONE,POSSIBLE_TRUNCATION,2026-03-07T17:42:59.929286+00:00
https://avalon.law.yale.edu/imt/2219-ps.asp,nca_v4,,ok,9387,0,0,NONE,POSSIBLE_TRUNCATION,2026-03-07T17:43:01.666707+00:00
https://avalon.law.yale.edu/imt/2220-ps.asp,nca_v4,,ok,19132,0,0,NONE,POSSIBLE_TRUNCATION,2026-03-07T17:43:03.500383+00:00
https://avalon.law.yale.edu/imt/2222-ps.asp,nca_v4,,ok,16687,0,0,NONE,POSSIBLE_TRUNCATION,2026-03-07T17:43:05.248282+00:00
https://avalon.law.yale.edu/imt/2224-ps.asp,nca_v4,,ok,14526,0,0,NONE,POSSIBLE_TRUNCATION,2026-03-07T17:43:06.998654+00:00
https://avalon.law.yale.edu/imt/2225-ps.asp,nca_v4,,ok,9031,0,0,NONE,POSSIBLE_TRUNCATION,2026-03-07T17:43:08.744031+00:00
https://avalon.law.yale.edu/imt/2226-ps.asp,nca_v4,,ok,8068,0,0,NONE,POSSIBLE_TRUNCATION,2026-03-07T17:43:10.486572+00:00
https://avalon.law.yale.edu/imt/2228-ps.asp,nca_v4,,ok,8112,0,0,NONE,POSSIBLE_TRUNCATION,2026-03-07T17:43:12.231738+00:00
https://avalon.law.yale.edu/imt/2229-ps.asp,nca_v4,,ok,10617,0,0,NONE,POSSIBLE_TRUNCATION,2026-03-07T17:43:14.031037+00:00
https://avalon.law.yale.edu/imt/2230-ps.asp,nca_v4,,ok,11518,0,0,NONE,POSSIBLE_TRUNCATION,2026-03-07T17:43:15.782575+00:00
https://avalon.law.yale.edu/imt/2231-ps.asp,nca_v4,,ok,26435,0,0,NONE,POSSIBLE_TRUNCATION,2026-03-07T17:43:17.534672+00:00
https://avalon.law.yale.edu/imt/2232-ps.asp,nca_v4,,ok,13401,0,0,NONE,POSSIBLE_TRUNCATION,2026-03-07T17:43:19.457450+00:00
https://avalon.law.yale.edu/imt/2233-ps.asp,nca_v4,,ok,88239,0,0,NONE,POSSIBLE_TRUNCATION,2026-03-07T17:43:21.257691+00:00
https://avalon.law.yale.edu/imt/2237-ps.asp,nca_v4,,ok,11485,0,0,NONE,POSSIBLE_TRUNCATION,2026-03-07T17:43:22.953960+00:00
https://avalon.law.yale.edu/imt/2239-ps.asp,nca_v4,,ok,11969,0,0,NONE,POSSIBLE_TRUNCATION,2026-03-07T17:43:24.712248+00:00
https://avalon.law.yale.edu/imt/2241-ps.asp,nca_v4,,ok,10572,0,0,NONE,POSSIBLE_TRUNCATION,2026-03-07T17:43:26.448823+00:00
https://avalon.law.yale.edu/imt/2243-ps.asp,nca_v4,,ok,15237,0,0,F3,POSSIBLE_TRUNCATION,2026-03-07T17:43:28.203260+00:00
https://avalon.law.yale.edu/imt/2245-ps.asp,nca_v4,,ok,9867,0,0,NONE,POSSIBLE_TRUNCATION,2026-03-07T17:43:29.941134+00:00
https://avalon.law.yale.edu/imt/2246-ps.asp,nca_v4,,ok,8927,0,0,NONE,POSSIBLE_TRUNCATION,2026-03-07T17:43:31.678092+00:00
https://avalon.law.yale.edu/imt/2247-ps.asp,nca_v4,,ok,10789,0,0,NONE,POSSIBLE_TRUNCATION,2026-03-07T17:43:33.425874+00:00
https://avalon.law.yale.edu/imt/2248-ps.asp,nca_v4,,ok,9077,0,0,NONE,POSSIBLE_TRUNCATION,2026-03-07T17:43:35.169353+00:00
https://avalon.law.yale.edu/imt/2260-ps.asp,nca_v4,,ok,8805,0,0,NONE,POSSIBLE_TRUNCATION,2026-03-07T17:43:36.903466+00:00
https://avalon.law.yale.edu/imt/2261-ps.asp,nca_v4,,ok,16811,0,0,NONE,POSSIBLE_TRUNCATION,2026-03-07T17:43:38.654413+00:00
https://avalon.law.yale.edu/imt/2270-ps.asp,nca_v4,,ok,11102,0,0,NONE,POSSIBLE_TRUNCATION,2026-03-07T17:43:40.394130+00:00
https://avalon.law.yale.edu/imt/2271-ps.asp,nca_v4,,ok,13972,0,0,NONE,POSSIBLE_TRUNCATION,2026-03-07T17:43:42.150194+00:00
https://avalon.law.yale.edu/imt/2273-ps.asp,nca_v4,,ok,20542,0,0,NONE,POSSIBLE_TRUNCATION,2026-03-07T17:43:43.893764+00:00
https://avalon.law.yale.edu/imt/2275-ps.asp,nca_v4,,ok,8550,0,0,NONE,POSSIBLE_TRUNCATION,2026-03-07T17:43:45.634629+00:00
https://avalon.law.yale.edu/imt/2276-ps.asp,nca_v4,,ok,8825,0,0,NONE,POSSIBLE_TRUNCATION,2026-03-07T17:43:47.378486+00:00
https://avalon.law.yale.edu/imt/2277-ps.asp,nca_v4,,ok,13858,0,0,NONE,POSSIBLE_TRUNCATION,2026-03-07T17:43:49.129355+00:00
https://avalon.law.yale.edu/imt/2278-ps.asp,nca_v4,,ok,45699,0,0,NONE,POSSIBLE_TRUNCATION,2026-03-07T17:43:50.891643+00:00
https://avalon.law.yale.edu/imt/2280-ps.asp,nca_v4,,ok,12526,0,0,NONE,POSSIBLE_TRUNCATION,2026-03-07T17:43:52.626590+00:00
https://avalon.law.yale.edu/imt/2283-ps.asp,nca_v4,,ok,10825,0,0,NONE,POSSIBLE_TRUNCATION,2026-03-07T17:43:54.364722+00:00
https://avalon.law.yale.edu/imt/2284-ps.asp,nca_v4,,ok,51930,0,0,NONE,POSSIBLE_TRUNCATION,2026-03-07T17:43:56.147203+00:00
https://avalon.law.yale.edu/imt/2285-ps.asp,nca_v4,,ok,11729,0,0,NONE,POSSIBLE_TRUNCATION,2026-03-07T17:43:57.853115+00:00
https://avalon.law.yale.edu/imt/2288-ps.asp,nca_v4,,ok,9684,0,0,NONE,POSSIBLE_TRUNCATION,2026-03-07T17:43:59.586226+00:00
https://avalon.law.yale.edu/imt/2289-ps.asp,nca_v4,,ok,8786,0,0,NONE,POSSIBLE_TRUNCATION,2026-03-07T17:44:01.329331+00:00
https://avalon.law.yale.edu/imt/2292-ps.asp,nca_v4,,ok,11681,0,0,NONE,POSSIBLE_TRUNCATION,2026-03-07T17:44:03.071079+00:00
https://avalon.law.yale.edu/imt/2306-ps.asp,nca_v4,,ok,8021,0,0,NONE,POSSIBLE_TRUNCATION,2026-03-07T17:44:04.818620+00:00
https://avalon.law.yale.edu/imt/2307-ps.asp,nca_v4,,ok,9366,0,0,NONE,POSSIBLE_TRUNCATION,2026-03-07T17:44:06.560426+00:00
https://avalon.law.yale.edu/imt/2309-ps.asp,nca_v4,,ok,19902,0,0,NONE,POSSIBLE_TRUNCATION,2026-03-07T17:44:08.309318+00:00
https://avalon.law.yale.edu/imt/2310-ps.asp,nca_v4,,ok,9627,0,0,NONE,POSSIBLE_TRUNCATION,2026-03-07T17:44:10.036545+00:00
https://avalon.law.yale.edu/imt/2311-ps.asp,nca_v4,,ok,9075,0,0,NONE,POSSIBLE_TRUNCATION,2026-03-07T17:44:11.788707+00:00
https://avalon.law.yale.edu/imt/2313-ps.asp,nca_v4,,ok,8181,0,0,NONE,POSSIBLE_TRUNCATION,2026-03-07T17:44:13.533004+00:00
https://avalon.law.yale.edu/imt/2315-ps.asp,nca_v4,,ok,13126,0,0,NONE,POSSIBLE_TRUNCATION,2026-03-07T17:44:15.272990+00:00
https://avalon.law.yale.edu/imt/2319-ps.asp,nca_v4,,ok,46093,0,0,NONE,POSSIBLE_TRUNCATION,2026-03-07T17:44:17.058769+00:00
https://avalon.law.yale.edu/imt/2320-B-ps.asp,nca_v4,,ok,7375,0,0,NONE,POSSIBLE_TRUNCATION,2026-03-07T17:44:18.757816+00:00
https://avalon.law.yale.edu/imt/2322-ps.asp,nca_v4,,ok,24302,0,0,NONE,POSSIBLE_TRUNCATION,2026-03-07T17:44:20.505368+00:00
https://avalon.law.yale.edu/imt/2324-ps.asp,nca_v4,,ok,9225,0,0,NONE,POSSIBLE_TRUNCATION,2026-03-07T17:44:22.242187+00:00
https://avalon.law.yale.edu/imt/2325-ps.asp,nca_v4,,ok,7987,0,0,NONE,POSSIBLE_TRUNCATION,2026-03-07T17:44:23.982368+00:00
https://avalon.law.yale.edu/imt/2326-ps.asp,nca_v4,,ok,8304,0,0,NONE,POSSIBLE_TRUNCATION,2026-03-07T17:44:25.735679+00:00
https://avalon.law.yale.edu/imt/2327-ps.asp,nca_v4,,ok,11591,0,0,NONE,POSSIBLE_TRUNCATION,2026-03-07T17:44:27.478784+00:00
https://avalon.law.yale.edu/imt/2329-ps.asp,nca_v4,,ok,8705,0,0,NONE,POSSIBLE_TRUNCATION,2026-03-07T17:44:29.251199+00:00
https://avalon.law.yale.edu/imt/2330-ps.asp,nca_v4,,ok,9010,0,0,NONE,POSSIBLE_TRUNCATION,2026-03-07T17:44:31.100366+00:00
https://avalon.law.yale.edu/imt/2331-ps.asp,nca_v4,,ok,7931,0,0,NONE,POSSIBLE_TRUNCATION,2026-03-07T17:44:32.854255+00:00
https://avalon.law.yale.edu/imt/2332-ps.asp,nca_v4,,ok,7701,0,0,NONE,POSSIBLE_TRUNCATION,2026-03-07T17:44:34.593982+00:00
https://avalon.law.yale.edu/imt/2333-ps.asp,nca_v4,,ok,8175,0,0,NONE,POSSIBLE_TRUNCATION,2026-03-07T17:44:36.346223+00:00
https://avalon.law.yale.edu/imt/2334-ps.asp,nca_v4,,ok,20758,0,0,NONE,POSSIBLE_TRUNCATION,2026-03-07T17:44:38.098573+00:00
https://avalon.law.yale.edu/imt/2335-ps.asp,nca_v4,,ok,19543,0,0,NONE,POSSIBLE_TRUNCATION,2026-03-07T17:44:39.955027+00:00
https://avalon.law.yale.edu/imt/2336-ps.asp,nca_v4,,ok,22888,0,0,NONE,POSSIBLE_TRUNCATION,2026-03-07T17:44:41.700845+00:00
https://avalon.law.yale.edu/imt/2340-ps.asp,nca_v4,,ok,12911,0,0,NONE,POSSIBLE_TRUNCATION,2026-03-07T17:44:43.431659+00:00
https://avalon.law.yale.edu/imt/2341-ps.asp,nca_v4,,ok,7677,0,0,NONE,POSSIBLE_TRUNCATION,2026-03-07T17:44:45.170299+00:00
https://avalon.law.yale.edu/imt/2342-ps.asp,nca_v4,,ok,13663,0,0,NONE,POSSIBLE_TRUNCATION,2026-03-07T17:44:47.016288+00:00
https://avalon.law.yale.edu/imt/2344-ps.asp,nca_v4,,ok,7642,0,0,NONE,POSSIBLE_TRUNCATION,2026-03-07T17:44:48.743870+00:00
https://avalon.law.yale.edu/imt/2347-ps.asp,nca_v4,,ok,12711,0,0,NONE,POSSIBLE_TRUNCATION,2026-03-07T17:44:50.613788+00:00
https://avalon.law.yale.edu/imt/2348-ps.asp,nca_v4,,ok,10385,0,0,NONE,POSSIBLE_TRUNCATION,2026-03-07T17:44:52.382793+00:00
https://avalon.law.yale.edu/imt/2349-ps.asp,nca_v4,,ok,8480,0,0,NONE,POSSIBLE_TRUNCATION,2026-03-07T17:44:54.252490+00:00
https://avalon.law.yale.edu/imt/2351-ps.asp,nca_v4,,ok,7597,0,0,NONE,POSSIBLE_TRUNCATION,2026-03-07T17:44:55.985862+00:00
https://avalon.law.yale.edu/imt/2352-ps.asp,nca_v4,,ok,7589,0,0,NONE,POSSIBLE_TRUNCATION,2026-03-07T17:44:57.766290+00:00
https://avalon.law.yale.edu/imt/2353-ps.asp,nca_v4,,ok,55723,0,0,NONE,POSSIBLE_TRUNCATION,2026-03-07T17:44:59.540075+00:00
https://avalon.law.yale.edu/imt/2354-ps.asp,nca_v4,,ok,22100,0,0,NONE,POSSIBLE_TRUNCATION,2026-03-07T17:45:01.318123+00:00
https://avalon.law.yale.edu/imt/2355-ps.asp,nca_v4,,ok,8141,0,0,NONE,POSSIBLE_TRUNCATION,2026-03-07T17:45:03.112854+00:00
https://avalon.law.yale.edu/imt/2357-ps.asp,nca_v4,,ok,8594,0,0,NONE,POSSIBLE_TRUNCATION,2026-03-07T17:45:05.006009+00:00
https://avalon.law.yale.edu/imt/2358-ps.asp,nca_v4,,ok,10082,0,0,NONE,POSSIBLE_TRUNCATION,2026-03-07T17:45:06.813897+00:00
https://avalon.law.yale.edu/imt/2360-ps.asp,nca_v4,,ok,7650,0,0,NONE,POSSIBLE_TRUNCATION,2026-03-07T17:45:08.551119+00:00
https://avalon.law.yale.edu/imt/2367-ps.asp,nca_v4,,ok,7528,0,0,NONE,POSSIBLE_TRUNCATION,2026-03-07T17:45:10.367486+00:00
https://avalon.law.yale.edu/imt/2368-ps.asp,nca_v4,,ok,8069,0,0,NONE,POSSIBLE_TRUNCATION,2026-03-07T17:45:12.164969+00:00
https://avalon.law.yale.edu/imt/2371-ps.asp,nca_v4,,ok,13777,0,0,NONE,POSSIBLE_TRUNCATION,2026-03-07T17:45:13.992028+00:00
https://avalon.law.yale.edu/imt/2372-ps.asp,nca_v4,,ok,9733,0,0,NONE,POSSIBLE_TRUNCATION,2026-03-07T17:45:16.277448+00:00
https://avalon.law.yale.edu/imt/2373-ps.asp,nca_v4,,ok,10924,0,0,NONE,POSSIBLE_TRUNCATION,2026-03-07T17:45:18.000046+00:00
